,layers,layers_config,dropout,gamma,batch_size,lr,weight_decay,val_loss,val_f1_macro,epochs_trained
1,[1024],"[(1024, 'gelu')]",0.5,0.975,258,0.01,0.25,1.1207,0.7231,71
2,[1024],"[(1024, 'gelu')]",0.5,0.9,258,0.01,0.25,1.1452,0.7125,21
3,[1024],"[(1024, 'gelu')]",0.3,0.96,258,0.01,0.25,1.1473,0.7211,61
4,[1024],"[(1024, 'gelu')]",0.5,0.95,258,0.01,0.25,1.1495,0.7219,43
5,[1024],"[(1024, 'gelu')]",0.3,0.95,258,0.01,0.25,1.1519,0.7121,50
6,[1024],"[(1024, 'silu')]",0.5,0.96,258,0.01,0.25,1.1603,0.7251,50
7,[1024],"[(1024, 'silu')]",0.5,0.9,258,0.01,0.2,1.167,0.7018,24
8,[1024],"[(1024, 'gelu')]",0.5,0.96,258,0.01,0.2,1.1706,0.7291,79
9,[1024],"[(1024, 'leaky_relu')]",0.5,0.9,258,0.01,0.2,1.1722,0.7072,26
10,[1024],"[(1024, 'gelu')]",0.3,0.95,258,0.01,0.2,1.1736,0.7216,43
11,[512],"[(512, 'silu')]",0.5,0.975,258,0.01,0.25,1.1743,0.7108,57
12,[1024],"[(1024, 'gelu')]",0.5,0.9,512,0.01,0.15,1.1762,0.7127,38
13,[1024],"[(1024, 'gelu')]",0.5,0.9,258,0.01,0.2,1.1825,0.7034,40
14,[1024],"[(1024, 'silu')]",0.5,0.975,258,0.01,0.2,1.1839,0.7178,32
15,[1024],"[(1024, 'silu')]",0.5,0.9,258,0.01,0.25,1.1875,0.7088,33
16,[1024],"[(1024, 'leaky_relu')]",0.5,0.9,512,0.01,0.2,1.1876,0.7042,31
17,[1024],"[(1024, 'silu')]",0.5,0.9,512,0.01,0.15,1.1889,0.7098,20
18,[1024],"[(1024, 'gelu')]",0.5,0.9,512,0.01,0.25,1.1926,0.6929,23
19,[1024],"[(1024, 'leaky_relu')]",0.5,0.9,258,0.01,0.25,1.1938,0.7096,25
20,[1024],"[(1024, 'gelu')]",0.3,0.975,258,0.01,0.25,1.1938,0.7102,61
21,[512],"[(512, 'silu')]",0.5,0.9,258,0.01,0.2,1.1944,0.6989,29
22,[1024],"[(1024, 'leaky_relu')]",0.1,0.95,258,0.01,0.25,1.1948,0.7123,39
23,[1024],"[(1024, 'leaky_relu')]",0.3,0.9,512,0.01,0.25,1.1949,0.711,42
24,[1024],"[(1024, 'silu')]",0.5,0.9,512,0.01,0.1,1.1957,0.7083,37
25,[1024],"[(1024, 'silu')]",0.5,0.95,258,0.01,0.25,1.1967,0.7051,16
26,[512],"[(512, 'leaky_relu')]",0.5,0.9,258,0.01,0.25,1.1972,0.6973,42
27,[1024],"[(1024, 'leaky_relu')]",0.5,0.9,512,0.01,0.25,1.1978,0.6899,26
28,[512],"[(512, 'gelu')]",0.5,0.95,258,0.01,0.25,1.1999,0.7012,24
29,[512],"[(512, 'silu')]",0.5,0.9,512,0.01,0.25,1.2004,0.7002,27
30,[512],"[(512, 'silu')]",0.5,0.9,258,0.01,0.25,1.2004,0.7059,25
31,[512],"[(512, 'silu')]",0.5,0.95,258,0.01,0.2,1.2004,0.7233,54
32,[1024],"[(1024, 'gelu')]",0.1,0.975,258,0.01,0.25,1.2016,0.72,57
33,[1024],"[(1024, 'leaky_relu')]",0.5,0.96,258,0.01,0.25,1.2026,0.7048,34
34,[1024],"[(1024, 'leaky_relu')]",0.3,0.9,258,0.01,0.25,1.2031,0.7023,21
35,[512],"[(512, 'gelu')]",0.5,0.9,258,0.01,0.25,1.2055,0.6875,28
36,[1024],"[(1024, 'gelu')]",0.5,0.96,258,0.01,0.25,1.2067,0.6917,20
37,[1024],"[(1024, 'silu')]",0.5,0.9,258,0.01,0.1,1.2078,0.7051,16
38,[1024],"[(1024, 'silu')]",0.5,0.9,512,0.01,0.25,1.2086,0.6883,33
39,[512],"[(512, 'gelu')]",0.5,0.9,258,0.01,0.2,1.2091,0.6965,27
40,[1024],"[(1024, 'leaky_relu')]",0.5,0.9,512,0.01,0.15,1.2093,0.7073,33
41,[1024],"[(1024, 'leaky_relu')]",0.3,0.9,258,0.01,0.2,1.2093,0.7083,28
42,[1024],"[(1024, 'silu')]",0.3,0.96,258,0.01,0.25,1.2117,0.705,58
43,[1024],"[(1024, 'leaky_relu')]",0.5,0.95,258,0.01,0.2,1.2124,0.7098,34
44,[512],"[(512, 'gelu')]",0.5,0.9,258,0.01,0.15,1.2124,0.6935,22
45,[1024],"[(1024, 'gelu')]",0.5,0.9,512,0.01,0.2,1.2136,0.7178,28
46,[1024],"[(1024, 'silu')]",0.5,0.9,258,0.01,0.15,1.2153,0.7104,19
47,[1024],"[(1024, 'silu')]",0.5,0.95,258,0.01,0.2,1.2172,0.7224,35
48,[512],"[(512, 'silu')]",0.5,0.975,258,0.01,0.2,1.2174,0.714,17
49,[512],"[(512, 'silu')]",0.5,0.9,258,0.01,0.1,1.2195,0.7089,34
50,[1024],"[(1024, 'gelu')]",0.5,0.95,258,0.01,0.2,1.2201,0.7153,34
51,[512],"[(512, 'gelu')]",0.3,0.9,258,0.01,0.25,1.2202,0.7042,31
52,[512],"[(512, 'silu')]",0.5,0.95,512,0.01,0.15,1.2203,0.6963,19
53,[1024],"[(1024, 'gelu')]",0.5,0.9,512,0.01,0.1,1.2217,0.6882,29
54,[1024],"[(1024, 'leaky_relu')]",0.5,0.9,512,0.01,0.1,1.2231,0.6941,23
55,[1024],"[(1024, 'leaky_relu')]",0.1,0.975,258,0.01,0.25,1.2236,0.7183,47
56,[1024],"[(1024, 'leaky_relu')]",0.5,0.9,258,0.01,0.15,1.2243,0.7044,26
57,[512],"[(512, 'leaky_relu')]",0.5,0.9,258,0.01,0.2,1.2246,0.675,21
58,[512],"[(512, 'silu')]",0.5,0.9,512,0.01,0.1,1.2248,0.6925,33
59,[1024],"[(1024, 'gelu')]",0.5,0.95,512,0.01,0.25,1.2253,0.7139,29
60,[512],"[(512, 'silu')]",0.5,0.95,258,0.01,0.25,1.2259,0.7011,31
61,[1024],"[(1024, 'silu')]",0.3,0.975,258,0.01,0.2,1.227,0.7102,36
62,[1024],"[(1024, 'gelu')]",0.1,0.95,258,0.01,0.25,1.2272,0.7068,41
63,[1024],"[(1024, 'leaky_relu')]",0.5,0.95,512,0.01,0.1,1.2273,0.7071,32
64,[1024],"[(1024, 'silu')]",0.5,0.96,258,0.01,0.15,1.2279,0.7129,31
65,[512],"[(512, 'gelu')]",0.5,0.9,512,0.01,0.25,1.2286,0.6864,32
66,[1024],"[(1024, 'silu')]",0.3,0.95,258,0.01,0.2,1.2291,0.7142,35
67,[1024],"[(1024, 'leaky_relu')]",0.5,0.96,512,0.01,0.25,1.2293,0.7072,22
68,[1024],"[(1024, 'gelu')]",0.5,0.95,512,0.01,0.2,1.2299,0.7013,24
69,[1024],"[(1024, 'gelu')]",0.5,0.9,258,0.01,0.15,1.2301,0.6978,32
70,[1024],"[(1024, 'gelu')]",0.5,0.96,512,0.01,0.25,1.2303,0.7087,55
71,[512],"[(512, 'silu')]",0.5,0.96,258,0.01,0.25,1.2304,0.7088,29
72,[1024],"[(1024, 'leaky_relu')]",0.5,0.95,258,0.01,0.25,1.2318,0.6929,19
73,[1024],"[(1024, 'leaky_relu')]",0.3,0.95,258,0.01,0.25,1.2321,0.7144,36
74,[1024],"[(1024, 'gelu')]",0.3,0.9,258,0.01,0.25,1.2332,0.6922,23
75,[512],"[(512, 'gelu')]",0.5,0.9,512,0.01,0.15,1.2334,0.6977,22
76,[512],"[(512, 'leaky_relu')]",0.5,0.9,512,0.01,0.1,1.2343,0.6931,39
77,[1024],"[(1024, 'gelu')]",0.1,0.96,258,0.01,0.25,1.2349,0.7095,34
78,[1024],"[(1024, 'silu')]",0.5,0.95,512,0.01,0.25,1.235,0.7044,30
79,[512],"[(512, 'leaky_relu')]",0.5,0.9,258,0.01,0.1,1.2364,0.7062,21
80,[512],"[(512, 'silu')]",0.5,0.9,512,0.01,0.2,1.2373,0.6796,27
81,[512],"[(512, 'leaky_relu')]",0.3,0.9,512,0.01,0.25,1.2373,0.685,41
82,[512],"[(512, 'leaky_relu')]",0.5,0.975,258,0.01,0.25,1.2382,0.6932,28
83,[1024],"[(1024, 'gelu')]",0.1,0.96,258,0.01,0.2,1.239,0.712,46
84,[1024],"[(1024, 'gelu')]",0.3,0.95,512,0.01,0.2,1.2405,0.7143,27
85,[1024],"[(1024, 'silu')]",0.5,0.9,512,0.01,0.2,1.2408,0.6922,21
86,[1024],"[(1024, 'leaky_relu')]",0.1,0.95,258,0.01,0.2,1.2409,0.7089,29
87,[512],"[(512, 'silu')]",0.5,0.95,512,0.01,0.25,1.2409,0.7059,19
88,[1024],"[(1024, 'silu')]",0.5,0.96,512,0.01,0.2,1.2411,0.7128,27
89,[512],"[(512, 'leaky_relu')]",0.5,0.95,258,0.01,0.2,1.2417,0.7001,26
90,[512],"[(512, 'gelu')]",0.5,0.9,512,0.01,0.2,1.2425,0.7065,28
91,[512],"[(512, 'gelu')]",0.5,0.96,512,0.01,0.25,1.2426,0.6942,26
92,[512],"[(512, 'leaky_relu')]",0.5,0.9,512,0.01,0.25,1.2426,0.6945,35
93,[1024],"[(1024, 'silu')]",0.3,0.975,258,0.01,0.25,1.2429,0.6983,15
94,[512],"[(512, 'silu')]",0.3,0.95,258,0.01,0.25,1.243,0.7048,30
95,[512],"[(512, 'gelu')]",0.3,0.96,258,0.01,0.25,1.243,0.6939,39
96,[1024],"[(1024, 'leaky_relu')]",0.5,0.96,512,0.01,0.2,1.2433,0.7104,21
97,[512],"[(512, 'silu')]",0.5,0.9,258,0.01,0.15,1.2437,0.696,24
98,[1024],"[(1024, 'leaky_relu')]",0.1,0.96,258,0.01,0.25,1.244,0.7199,46
99,[1024],"[(1024, 'leaky_relu')]",0.3,0.9,512,0.01,0.1,1.2447,0.6884,18
100,[512],"[(512, 'gelu')]",0.5,0.95,512,0.01,0.15,1.2456,0.7063,28
101,[512],"[(512, 'leaky_relu')]",0.5,0.9,258,0.01,0.15,1.246,0.684,24
102,[256→64],"[(256, 'silu'), (64, 'gelu')]",0.3,0.9,258,0.01,0.2,1.246,0.6822,36
103,[512],"[(512, 'silu')]",0.3,0.975,258,0.01,0.25,1.2468,0.6998,35
104,[1024],"[(1024, 'leaky_relu')]",0.3,0.9,512,0.01,0.15,1.2482,0.6908,22
105,[512],"[(512, 'gelu')]",0.5,0.975,258,0.01,0.25,1.2483,0.7009,33
106,[512],"[(512, 'leaky_relu')]",0.5,0.96,512,0.01,0.25,1.2486,0.6948,28
107,[1024],"[(1024, 'silu')]",0.5,0.975,258,0.01,0.25,1.2487,0.7074,26
108,[1024],"[(1024, 'leaky_relu')]",0.3,0.9,258,0.01,0.1,1.2494,0.6959,23
109,[512],"[(512, 'leaky_relu')]",0.5,0.95,258,0.01,0.25,1.2495,0.6983,35
110,[1024],"[(1024, 'gelu')]",0.3,0.9,512,0.01,0.25,1.2502,0.6946,21
111,[512],"[(512, 'leaky_relu')]",0.5,0.96,258,0.01,0.25,1.2518,0.6967,31
112,[512],"[(512, 'silu')]",0.3,0.96,258,0.01,0.25,1.2527,0.7042,41
113,[512],"[(512, 'gelu')]",0.1,0.96,258,0.01,0.2,1.2528,0.7061,52
114,[512],"[(512, 'leaky_relu')]",0.3,0.975,258,0.01,0.25,1.2533,0.7007,30
115,[1024],"[(1024, 'silu')]",0.3,0.9,258,0.01,0.2,1.2536,0.7016,28
116,[512],"[(512, 'silu')]",0.3,0.9,258,0.01,0.25,1.2542,0.689,19
117,[1024],"[(1024, 'leaky_relu')]",0.5,0.95,512,0.01,0.2,1.2545,0.6915,20
118,[512],"[(512, 'gelu')]",0.5,0.95,512,0.01,0.25,1.2546,0.7034,42
119,[1024],"[(1024, 'leaky_relu')]",0.5,0.9,258,0.01,0.1,1.2546,0.6996,23
120,[1024],"[(1024, 'gelu')]",0.5,0.95,258,0.01,0.15,1.2547,0.7063,21
121,[1024],"[(1024, 'leaky_relu')]",0.1,0.975,258,0.01,0.2,1.2555,0.7181,36
122,[512],"[(512, 'leaky_relu')]",0.5,0.9,512,0.01,0.15,1.2561,0.6813,32
123,[1024],"[(1024, 'leaky_relu')]",0.5,0.95,512,0.01,0.25,1.2564,0.6932,24
124,[1024],"[(1024, 'gelu')]",0.1,0.9,512,0.01,0.15,1.2571,0.6958,21
125,[1024],"[(1024, 'silu')]",0.5,0.96,512,0.01,0.25,1.2572,0.7023,45
126,[512],"[(512, 'silu')]",0.5,0.96,512,0.01,0.25,1.2572,0.6945,22
127,[1024],"[(1024, 'silu')]",0.1,0.975,258,0.01,0.25,1.2574,0.7059,38
128,[1024],"[(1024, 'silu')]",0.5,0.95,258,0.01,0.1,1.2577,0.7025,26
129,[512],"[(512, 'leaky_relu')]",0.5,0.9,512,0.01,0.2,1.2584,0.6855,43
130,[1024],"[(1024, 'leaky_relu')]",0.3,0.95,512,0.01,0.2,1.2585,0.6955,19
131,[512],"[(512, 'silu')]",0.5,0.9,512,0.01,0.15,1.2595,0.6891,22
132,[512],"[(512, 'leaky_relu')]",0.5,0.95,258,0.01,0.15,1.2597,0.6856,36
133,[1024],"[(1024, 'gelu')]",0.5,0.9,258,0.01,0.1,1.26,0.6915,25
134,[1024],"[(1024, 'silu')]",0.3,0.95,512,0.01,0.25,1.2605,0.6959,21
135,[512],"[(512, 'silu')]",0.3,0.95,258,0.01,0.2,1.2612,0.6995,42
136,[1024],"[(1024, 'silu')]",0.3,0.9,258,0.01,0.25,1.2627,0.6923,27
137,[512],"[(512, 'leaky_relu')]",0.1,0.975,258,0.01,0.25,1.2638,0.6987,41
138,[512],"[(512, 'silu')]",0.5,0.96,258,0.01,0.2,1.2638,0.6865,17
139,[1024],"[(1024, 'silu')]",0.3,0.9,512,0.01,0.2,1.2638,0.6886,18
140,[1024],"[(1024, 'leaky_relu')]",0.5,0.95,258,0.01,0.15,1.2646,0.7138,34
141,[512],"[(512, 'silu')]",0.5,0.95,258,0.01,0.15,1.2653,0.6944,21
142,[512],"[(512, 'gelu')]",0.5,0.95,258,0.01,0.2,1.2653,0.7057,29
143,[512],"[(512, 'leaky_relu')]",0.5,0.95,512,0.01,0.25,1.2654,0.6921,24
144,[1024],"[(1024, 'leaky_relu')]",0.5,0.96,512,0.01,0.1,1.2656,0.702,19
145,[1024],"[(1024, 'gelu')]",0.3,0.9,258,0.01,0.2,1.2666,0.7009,17
146,[1024],"[(1024, 'leaky_relu')]",0.5,0.975,258,0.01,0.2,1.2672,0.7204,29
147,[1024],"[(1024, 'leaky_relu')]",0.1,0.9,512,0.01,0.25,1.2673,0.6997,31
148,[512],"[(512, 'leaky_relu')]",0.5,0.96,512,0.01,0.2,1.2675,0.6935,24
149,[1024],"[(1024, 'gelu')]",0.1,0.9,258,0.01,0.25,1.268,0.7045,31
150,[512],"[(512, 'gelu')]",0.5,0.96,258,0.01,0.25,1.2682,0.7061,30
151,[512],"[(512, 'gelu')]",0.5,0.9,512,0.01,0.1,1.2687,0.6883,21
152,[512],"[(512, 'gelu')]",0.3,0.9,258,0.01,0.2,1.2689,0.692,22
153,[1024],"[(1024, 'leaky_relu')]",0.3,0.95,258,0.01,0.2,1.269,0.7237,19
154,[1024],"[(1024, 'gelu')]",0.3,0.9,512,0.01,0.1,1.2696,0.6884,24
155,[1024],"[(1024, 'leaky_relu')]",0.3,0.96,258,0.01,0.2,1.2697,0.6945,24
156,[1024],"[(1024, 'gelu')]",0.1,0.975,512,0.01,0.25,1.2705,0.6932,44
157,[1024],"[(1024, 'silu')]",0.3,0.9,512,0.01,0.25,1.2705,0.6896,20
158,[1024],"[(1024, 'leaky_relu')]",0.3,0.96,258,0.01,0.25,1.2707,0.711,30
159,[512],"[(512, 'silu')]",0.5,0.975,512,0.01,0.25,1.2708,0.6966,25
160,[1024],"[(1024, 'gelu')]",0.3,0.9,258,0.01,0.1,1.2708,0.7031,24
161,[512],"[(512, 'silu')]",0.5,0.975,512,0.01,0.2,1.2709,0.6917,20
162,[1024],"[(1024, 'leaky_relu')]",0.3,0.95,258,0.01,0.15,1.2709,0.7078,26
163,[1024],"[(1024, 'silu')]",0.3,0.95,258,0.01,0.25,1.2714,0.7076,22
164,[1024],"[(1024, 'silu')]",0.3,0.9,512,0.01,0.15,1.272,0.6997,18
165,[512],"[(512, 'leaky_relu')]",0.5,0.975,512,0.01,0.25,1.2724,0.6832,26
166,[512],"[(512, 'gelu')]",0.3,0.96,258,0.01,0.2,1.2729,0.6942,43
167,[1024],"[(1024, 'gelu')]",0.3,0.9,512,0.01,0.2,1.2731,0.6892,19
168,[512],"[(512, 'leaky_relu')]",0.3,0.9,258,0.01,0.15,1.274,0.686,19
169,[512],"[(512, 'leaky_relu')]",0.3,0.9,512,0.01,0.2,1.2743,0.6785,25
170,[512],"[(512, 'gelu')]",0.3,0.95,512,0.01,0.25,1.2743,0.6938,42
171,[1024],"[(1024, 'gelu')]",0.3,0.95,512,0.01,0.15,1.2743,0.6989,27
172,[1024],"[(1024, 'leaky_relu')]",0.1,0.9,258,0.01,0.2,1.2744,0.7026,16
173,[512],"[(512, 'gelu')]",0.5,0.9,258,0.01,0.1,1.2745,0.6966,22
174,[512],"[(512, 'gelu')]",0.3,0.9,512,0.01,0.25,1.2748,0.6827,21
175,[1024],"[(1024, 'silu')]",0.5,0.95,512,0.01,0.2,1.2748,0.6992,22
176,[512],"[(512, 'gelu')]",0.3,0.9,512,0.01,0.15,1.275,0.6854,25
177,[512],"[(512, 'gelu')]",0.1,0.975,258,0.01,0.25,1.2752,0.6985,68
178,[1024],"[(1024, 'gelu')]",0.3,0.96,258,0.01,0.2,1.2756,0.6981,24
179,[1024],"[(1024, 'leaky_relu')]",0.5,0.975,512,0.01,0.25,1.2759,0.7043,25
180,[512],"[(512, 'gelu')]",0.5,0.975,258,0.01,0.2,1.276,0.6978,25
181,[512],"[(512, 'leaky_relu')]",0.3,0.9,258,0.01,0.25,1.2762,0.6883,33
182,[1024],"[(1024, 'silu')]",0.5,0.96,512,0.01,0.1,1.2765,0.6994,20
183,[1024],"[(1024, 'gelu')]",0.3,0.96,258,0.01,0.15,1.2769,0.6942,17
184,[1024],"[(1024, 'leaky_relu')]",0.5,0.95,512,0.01,0.15,1.277,0.7012,24
185,[512],"[(512, 'silu')]",0.3,0.9,258,0.01,0.2,1.2776,0.6972,14
186,[512],"[(512, 'gelu')]",0.5,0.95,258,0.01,0.15,1.2781,0.6978,31
187,[512],"[(512, 'gelu')]",0.3,0.95,258,0.01,0.25,1.2799,0.6931,44
188,[512],"[(512, 'silu')]",0.3,0.95,512,0.01,0.25,1.2799,0.7029,29
189,[512],"[(512, 'gelu')]",0.1,0.96,258,0.01,0.25,1.2802,0.6866,40
190,[1024],"[(1024, 'leaky_relu')]",0.1,0.9,258,0.01,0.25,1.2802,0.6965,18
191,[1024],"[(1024, 'gelu')]",0.5,0.96,512,0.01,0.15,1.2807,0.7003,20
192,[1024],"[(1024, 'gelu')]",0.3,0.975,258,0.01,0.2,1.2817,0.7082,15
193,[1024],"[(1024, 'silu')]",0.5,0.96,512,0.01,0.15,1.2818,0.7005,28
194,[1024],"[(1024, 'gelu')]",0.5,0.96,512,0.01,0.2,1.2818,0.6922,19
195,[512],"[(512, 'leaky_relu')]",0.5,0.96,258,0.01,0.2,1.2822,0.6974,28
196,[1024],"[(1024, 'leaky_relu')]",0.3,0.95,512,0.01,0.25,1.2831,0.6948,21
197,[512],"[(512, 'silu')]",0.5,0.95,512,0.01,0.2,1.2833,0.6991,34
198,[512],"[(512, 'gelu')]",0.5,0.96,512,0.01,0.15,1.2834,0.6945,28
199,[512],"[(512, 'leaky_relu')]",0.5,0.95,512,0.01,0.15,1.2841,0.6959,28
200,[1024],"[(1024, 'gelu')]",0.1,0.9,258,0.01,0.15,1.2849,0.6898,15
201,[1024],"[(1024, 'leaky_relu')]",0.5,0.975,512,0.01,0.1,1.285,0.7084,22
202,[1024],"[(1024, 'gelu')]",0.1,0.95,258,0.01,0.2,1.2858,0.6958,41
203,[1024],"[(1024, 'gelu')]",0.5,0.975,512,0.01,0.15,1.2866,0.6915,17
204,[1024],"[(1024, 'leaky_relu')]",0.3,0.9,258,0.01,0.15,1.2868,0.6919,17
205,[512],"[(512, 'silu')]",0.3,0.9,512,0.01,0.2,1.2869,0.6858,20
206,[1024],"[(1024, 'leaky_relu')]",0.3,0.975,512,0.01,0.25,1.2873,0.7025,21
207,[512],"[(512, 'gelu')]",0.3,0.9,512,0.01,0.2,1.288,0.6861,22
208,[256→64],"[(256, 'silu'), (64, 'leaky_relu')]",0.3,0.9,512,0.01,0.25,1.2883,0.6513,80
209,[512],"[(512, 'silu')]",0.3,0.9,258,0.01,0.15,1.2883,0.696,18
210,[512],"[(512, 'gelu')]",0.1,0.975,258,0.01,0.15,1.2885,0.7154,70
211,[1024],"[(1024, 'leaky_relu')]",0.1,0.95,512,0.01,0.25,1.2888,0.6968,23
212,[512],"[(512, 'silu')]",0.5,0.95,512,0.01,0.1,1.289,0.6989,19
213,[1024],"[(1024, 'silu')]",0.1,0.96,258,0.01,0.25,1.2892,0.7029,33
214,[512],"[(512, 'gelu')]",0.1,0.95,258,0.01,0.2,1.2894,0.7039,23
215,[1024],"[(1024, 'silu')]",0.3,0.9,512,0.01,0.1,1.2895,0.6922,18
216,[512],"[(512, 'leaky_relu')]",0.3,0.95,512,0.01,0.25,1.2898,0.7008,30
217,[512→64],"[(512, 'gelu'), (64, 'silu')]",0.3,0.9,512,0.01,0.25,1.2899,0.6721,61
218,[512],"[(512, 'silu')]",0.3,0.9,512,0.01,0.15,1.2902,0.6862,28
219,[1024],"[(1024, 'leaky_relu')]",0.5,0.975,512,0.01,0.2,1.2902,0.6879,21
220,[1024],"[(1024, 'silu')]",0.3,0.96,512,0.01,0.2,1.2916,0.6901,22
221,[512],"[(512, 'gelu')]",0.1,0.975,258,0.01,0.2,1.2917,0.704,66
222,[1024],"[(1024, 'silu')]",0.5,0.96,258,0.01,0.2,1.2917,0.6971,19
223,[1024],"[(1024, 'leaky_relu')]",0.5,0.96,258,0.01,0.2,1.2929,0.6933,18
224,[512],"[(512, 'leaky_relu')]",0.5,0.975,512,0.01,0.2,1.2935,0.6762,29
225,[1024],"[(1024, 'leaky_relu')]",0.5,0.96,258,0.01,0.15,1.2937,0.7188,36
226,[512],"[(512, 'leaky_relu')]",0.5,0.96,512,0.01,0.1,1.2939,0.6836,24
227,[1024],"[(1024, 'silu')]",0.5,0.975,512,0.01,0.25,1.294,0.7086,32
228,[1024],"[(1024, 'gelu')]",0.3,0.9,258,0.01,0.15,1.2948,0.6982,17
229,[1024],"[(1024, 'silu')]",0.3,0.95,258,0.01,0.15,1.2951,0.6998,16
230,[512],"[(512, 'silu')]",0.5,0.95,258,0.01,0.1,1.2951,0.7016,32
231,[1024],"[(1024, 'gelu')]",0.3,0.95,512,0.01,0.25,1.2951,0.6977,24
232,[1024],"[(1024, 'silu')]",0.3,0.9,258,0.01,0.15,1.2953,0.7037,21
233,[256→64],"[(256, 'silu'), (64, 'gelu')]",0.3,0.95,258,0.01,0.25,1.2954,0.6669,24
234,[1024],"[(1024, 'leaky_relu')]",0.3,0.96,258,0.01,0.15,1.2963,0.6992,18
235,[1024],"[(1024, 'leaky_relu')]",0.1,0.9,258,0.01,0.15,1.2966,0.7016,16
236,[512],"[(512, 'silu')]",0.5,0.96,512,0.01,0.2,1.2967,0.6909,19
237,[1024],"[(1024, 'leaky_relu')]",0.5,0.96,512,0.01,0.15,1.2968,0.6861,18
238,[512→64],"[(512, 'gelu'), (64, 'silu')]",0.3,0.975,258,0.01,0.25,1.2974,0.6696,23
239,[512],"[(512, 'gelu')]",0.5,0.95,512,0.01,0.2,1.2978,0.6708,22
240,[1024],"[(1024, 'gelu')]",0.3,0.96,512,0.01,0.2,1.2983,0.6857,20
241,[1024],"[(1024, 'leaky_relu')]",0.3,0.95,512,0.01,0.1,1.2991,0.7,18
242,[1024],"[(1024, 'leaky_relu')]",0.3,0.9,512,0.01,0.2,1.2991,0.6891,21
243,[1024],"[(1024, 'gelu')]",0.3,0.95,512,0.01,0.1,1.2993,0.7041,20
244,[512],"[(512, 'leaky_relu')]",0.5,0.95,512,0.01,0.2,1.2997,0.694,26
245,[1024],"[(1024, 'leaky_relu')]",0.5,0.975,258,0.01,0.25,1.2999,0.6972,18
246,[1024],"[(1024, 'silu')]",0.3,0.96,512,0.01,0.15,1.3003,0.6894,16
247,[512],"[(512, 'gelu')]",0.3,0.96,512,0.01,0.25,1.3004,0.6885,17
248,[1024],"[(1024, 'leaky_relu')]",0.5,0.975,258,0.01,0.15,1.3009,0.7009,18
249,[512→64],"[(512, 'gelu'), (64, 'silu')]",0.3,0.9,258,0.01,0.25,1.301,0.6707,44
250,[512],"[(512, 'leaky_relu')]",0.3,0.96,258,0.01,0.25,1.3015,0.6891,28
251,[1024],"[(1024, 'silu')]",0.5,0.975,258,0.01,0.15,1.3024,0.6816,16
252,[512],"[(512, 'gelu')]",0.5,0.96,512,0.01,0.2,1.3024,0.6883,35
253,[512],"[(512, 'silu')]",0.3,0.975,258,0.01,0.2,1.3026,0.7053,15
254,[512],"[(512, 'gelu')]",0.5,0.96,258,0.01,0.1,1.3027,0.6951,23
255,[1024],"[(1024, 'gelu')]",0.1,0.975,258,0.01,0.15,1.3032,0.7081,17
256,[1024],"[(1024, 'leaky_relu')]",0.5,0.975,258,0.01,0.1,1.3033,0.7157,17
257,[1024],"[(1024, 'silu')]",0.5,0.975,512,0.01,0.15,1.3034,0.6935,17
258,[1024],"[(1024, 'gelu')]",0.5,0.975,512,0.01,0.2,1.3035,0.6848,19
259,[512],"[(512, 'leaky_relu')]",0.1,0.9,512,0.01,0.25,1.3036,0.6793,23
260,[1024],"[(1024, 'silu')]",0.5,0.95,512,0.01,0.15,1.3039,0.6888,22
261,[1024],"[(1024, 'gelu')]",0.5,0.95,512,0.01,0.15,1.3044,0.6936,19
262,[1024],"[(1024, 'leaky_relu')]",0.5,0.95,258,0.01,0.1,1.3046,0.7055,22
263,[512],"[(512, 'gelu')]",0.3,0.95,258,0.01,0.2,1.3047,0.6913,17
264,[512],"[(512, 'leaky_relu')]",0.5,0.975,258,0.01,0.2,1.3047,0.6849,24
265,[1024],"[(1024, 'gelu')]",0.3,0.9,512,0.01,0.15,1.3051,0.686,25
266,[1024],"[(1024, 'gelu')]",0.5,0.96,258,0.01,0.15,1.3055,0.7056,20
267,[1024],"[(1024, 'silu')]",0.1,0.96,258,0.01,0.2,1.3057,0.7038,28
268,[512],"[(512, 'silu')]",0.5,0.975,512,0.01,0.15,1.3067,0.6964,20
269,[512],"[(512, 'gelu')]",0.5,0.975,512,0.01,0.25,1.3067,0.6949,23
270,[1024],"[(1024, 'gelu')]",0.5,0.975,258,0.01,0.2,1.3069,0.7009,18
271,[512],"[(512, 'leaky_relu')]",0.5,0.95,512,0.01,0.1,1.3072,0.6884,28
272,[1024],"[(1024, 'leaky_relu')]",0.3,0.96,512,0.01,0.2,1.3073,0.7067,22
273,[1024],"[(1024, 'gelu')]",0.5,0.95,258,0.01,0.1,1.3074,0.6864,16
274,[512],"[(512, 'silu')]",0.5,0.96,258,0.01,0.15,1.3077,0.7005,22
275,[1024],"[(1024, 'gelu')]",0.5,0.975,512,0.01,0.25,1.3079,0.6877,24
276,[512],"[(512, 'leaky_relu')]",0.5,0.975,258,0.01,0.15,1.3079,0.6933,20
277,[512],"[(512, 'leaky_relu')]",0.3,0.9,258,0.01,0.2,1.3081,0.69,22
278,[512],"[(512, 'leaky_relu')]",0.3,0.95,258,0.01,0.25,1.3082,0.6924,17
279,[512],"[(512, 'gelu')]",0.5,0.975,512,0.01,0.2,1.3085,0.6877,27
280,[1024],"[(1024, 'silu')]",0.5,0.95,258,0.01,0.15,1.3085,0.703,17
281,[1024],"[(1024, 'gelu')]",0.3,0.975,512,0.01,0.2,1.3097,0.7013,18
282,[512],"[(512, 'silu')]",0.3,0.95,258,0.01,0.15,1.3097,0.6998,21
283,[1024],"[(1024, 'silu')]",0.1,0.95,258,0.01,0.25,1.3101,0.7184,33
284,[1024],"[(1024, 'silu')]",0.5,0.95,512,0.01,0.1,1.3112,0.6967,17
285,[512],"[(512, 'gelu')]",0.1,0.9,258,0.01,0.2,1.3113,0.6898,19
286,[512],"[(512, 'gelu')]",0.3,0.96,512,0.01,0.2,1.3115,0.6895,30
287,[1024],"[(1024, 'gelu')]",0.3,0.95,258,0.01,0.15,1.3117,0.6997,14
288,[1024],"[(1024, 'leaky_relu')]",0.3,0.96,512,0.01,0.25,1.3118,0.6779,19
289,[512],"[(512, 'silu')]",0.5,0.96,512,0.01,0.15,1.3119,0.6915,23
290,[256→64],"[(256, 'silu'), (64, 'gelu')]",0.3,0.9,512,0.01,0.1,1.3122,0.6584,60
291,[512],"[(512, 'leaky_relu')]",0.3,0.9,512,0.01,0.15,1.3122,0.6854,23
292,[512],"[(512, 'gelu')]",0.5,0.96,258,0.01,0.2,1.3125,0.7001,24
293,[512→64],"[(512, 'gelu'), (64, 'silu')]",0.3,0.95,512,0.01,0.25,1.3131,0.6675,33
294,[1024],"[(1024, 'leaky_relu')]",0.3,0.95,512,0.01,0.15,1.3133,0.7063,19
295,[1024],"[(1024, 'gelu')]",0.5,0.95,512,0.01,0.1,1.3136,0.6874,18
296,[512],"[(512, 'leaky_relu')]",0.1,0.96,258,0.01,0.25,1.3145,0.6901,34
297,[512→64],"[(512, 'gelu'), (64, 'silu')]",0.3,0.9,512,0.01,0.2,1.3147,0.6662,41
298,[512],"[(512, 'leaky_relu')]",0.3,0.9,512,0.01,0.1,1.3149,0.6912,24
299,[512],"[(512, 'gelu')]",0.3,0.9,258,0.01,0.1,1.3151,0.6832,18
300,[256→64],"[(256, 'silu'), (64, 'leaky_relu')]",0.3,0.9,512,0.01,0.2,1.3158,0.655,66
301,[512→64],"[(512, 'gelu'), (64, 'silu')]",0.3,0.9,258,0.01,0.15,1.316,0.6675,23
302,[512],"[(512, 'leaky_relu')]",0.5,0.96,258,0.01,0.1,1.3163,0.7005,21
303,[512],"[(512, 'gelu')]",0.1,0.95,258,0.01,0.25,1.3164,0.6932,44
304,[1024],"[(1024, 'leaky_relu')]",0.3,0.975,258,0.01,0.25,1.3168,0.6945,23
305,[512],"[(512, 'silu')]",0.3,0.96,258,0.01,0.2,1.3169,0.705,31
306,[512],"[(512, 'gelu')]",0.5,0.95,512,0.01,0.1,1.3176,0.706,24
307,[512→64],"[(512, 'gelu'), (64, 'silu')]",0.5,0.95,258,0.01,0.25,1.3177,0.6484,51
308,[512],"[(512, 'leaky_relu')]",0.5,0.975,258,0.01,0.1,1.3177,0.6962,20
309,[1024],"[(1024, 'silu')]",0.3,0.975,512,0.01,0.15,1.3178,0.6922,22
310,[1024],"[(1024, 'silu')]",0.3,0.96,258,0.01,0.2,1.3188,0.6921,14
311,[512],"[(512, 'leaky_relu')]",0.3,0.96,512,0.01,0.2,1.3192,0.6749,19
312,[512],"[(512, 'silu')]",0.3,0.9,512,0.01,0.1,1.3208,0.6846,19
313,[512],"[(512, 'gelu')]",0.3,0.96,512,0.01,0.15,1.3209,0.6857,20
314,[1024],"[(1024, 'gelu')]",0.5,0.96,512,0.01,0.1,1.3209,0.6804,16
315,[1024],"[(1024, 'gelu')]",0.1,0.95,258,0.01,0.15,1.3211,0.6939,25
316,[1024],"[(1024, 'leaky_relu')]",0.3,0.96,512,0.01,0.15,1.3218,0.7107,26
317,[1024],"[(1024, 'silu')]",0.3,0.95,512,0.01,0.1,1.3221,0.7006,18
318,[1024],"[(1024, 'leaky_relu')]",0.1,0.9,512,0.01,0.15,1.3223,0.681,24
319,[512→64],"[(512, 'gelu'), (64, 'silu')]",0.3,0.95,258,0.01,0.1,1.3225,0.6975,23
320,[1024],"[(1024, 'leaky_relu')]",0.1,0.96,512,0.01,0.25,1.3225,0.692,16
321,[256→64],"[(256, 'silu'), (64, 'gelu')]",0.3,0.9,512,0.01,0.15,1.3226,0.6444,44
322,[1024],"[(1024, 'silu')]",0.3,0.96,258,0.01,0.15,1.3231,0.6892,15
323,[1024],"[(1024, 'silu')]",0.5,0.96,258,0.01,0.1,1.3236,0.7003,16
324,[512],"[(512, 'gelu')]",0.3,0.975,512,0.01,0.25,1.3245,0.6874,29
325,[1024],"[(1024, 'leaky_relu')]",0.3,0.975,258,0.01,0.2,1.3248,0.7003,17
326,[1024],"[(1024, 'leaky_relu')]",0.5,0.975,512,0.01,0.15,1.3266,0.6999,18
327,[1024],"[(1024, 'leaky_relu')]",0.1,0.96,258,0.01,0.2,1.3268,0.6956,16
328,[1024],"[(1024, 'gelu')]",0.1,0.9,258,0.01,0.2,1.3271,0.6891,15
329,[512],"[(512, 'gelu')]",0.3,0.9,512,0.01,0.1,1.3279,0.6825,19
330,[512],"[(512, 'gelu')]",0.5,0.975,512,0.01,0.15,1.328,0.6902,20
331,[256→64],"[(256, 'silu'), (64, 'gelu')]",0.3,0.9,258,0.01,0.25,1.3285,0.6531,30
332,[1024],"[(1024, 'silu')]",0.5,0.975,512,0.01,0.2,1.3286,0.6951,20
333,[512],"[(512, 'gelu')]",0.1,0.9,258,0.01,0.25,1.3288,0.6888,20
334,[512],"[(512, 'gelu')]",0.1,0.9,258,0.01,0.15,1.329,0.6937,15
335,[1024],"[(1024, 'gelu')]",0.1,0.9,512,0.01,0.2,1.3291,0.6829,19
336,[1024],"[(1024, 'silu')]",0.1,0.95,258,0.01,0.2,1.3293,0.6968,14
337,[1024],"[(1024, 'silu')]",0.1,0.9,258,0.01,0.15,1.3295,0.6921,16
338,[512],"[(512, 'leaky_relu')]",0.5,0.96,512,0.01,0.15,1.33,0.6757,23
339,[512→64],"[(512, 'gelu'), (64, 'silu')]",0.3,0.96,512,0.01,0.15,1.3303,0.6616,26
340,[1024],"[(1024, 'silu')]",0.3,0.9,258,0.01,0.1,1.3305,0.6797,15
341,[1024],"[(1024, 'leaky_relu')]",0.5,0.96,258,0.01,0.1,1.3308,0.7263,23
342,[1024],"[(1024, 'gelu')]",0.1,0.96,258,0.01,0.15,1.3309,0.6842,16
343,[512],"[(512, 'gelu')]",0.3,0.9,258,0.01,0.15,1.3312,0.6936,16
344,[1024],"[(1024, 'gelu')]",0.3,0.96,512,0.01,0.15,1.3318,0.6813,18
345,[512],"[(512, 'leaky_relu')]",0.1,0.96,258,0.01,0.2,1.3319,0.7063,51
346,[1024],"[(1024, 'gelu')]",0.3,0.975,512,0.01,0.25,1.3319,0.6862,17
347,[512],"[(512, 'silu')]",0.1,0.95,258,0.01,0.25,1.3323,0.6811,15
348,[1024],"[(1024, 'gelu')]",0.5,0.975,258,0.01,0.1,1.3326,0.7105,16
349,[512],"[(512, 'leaky_relu')]",0.3,0.95,258,0.01,0.1,1.3327,0.7049,20
350,[1024],"[(1024, 'gelu')]",0.1,0.9,512,0.01,0.25,1.3327,0.6701,19
351,[512],"[(512, 'gelu')]",0.5,0.96,258,0.01,0.15,1.3335,0.6899,22
352,[512],"[(512, 'leaky_relu')]",0.5,0.96,258,0.01,0.15,1.334,0.6814,23
353,[1024],"[(1024, 'gelu')]",0.1,0.975,512,0.01,0.2,1.3344,0.6879,21
354,[1024],"[(1024, 'leaky_relu')]",0.1,0.9,512,0.01,0.1,1.3345,0.6922,20
355,[1024],"[(1024, 'leaky_relu')]",0.3,0.975,512,0.01,0.2,1.3351,0.6984,17
356,[512],"[(512, 'silu')]",0.3,0.9,512,0.01,0.25,1.3353,0.6808,27
357,[1024],"[(1024, 'leaky_relu')]",0.1,0.9,258,0.01,0.1,1.3356,0.6888,16
358,[512],"[(512, 'leaky_relu')]",0.3,0.95,512,0.01,0.2,1.3361,0.673,19
359,[256→64],"[(256, 'silu'), (64, 'leaky_relu')]",0.3,0.9,258,0.01,0.25,1.3364,0.641,48
360,[512],"[(512, 'leaky_relu')]",0.3,0.9,258,0.01,0.1,1.3365,0.6868,23
361,[512→64],"[(512, 'gelu'), (64, 'silu')]",0.5,0.95,512,0.01,0.2,1.3365,0.6578,61
362,[1024],"[(1024, 'gelu')]",0.3,0.96,512,0.01,0.25,1.3366,0.6888,19
363,[1024],"[(1024, 'gelu')]",0.1,0.95,512,0.01,0.2,1.3367,0.6934,17
364,[512],"[(512, 'gelu')]",0.3,0.95,512,0.01,0.15,1.3368,0.6828,26
365,[1024],"[(1024, 'gelu')]",0.5,0.975,258,0.01,0.15,1.3375,0.7005,17
366,[512→64],"[(512, 'gelu'), (64, 'silu')]",0.3,0.9,258,0.01,0.2,1.3378,0.6732,28
367,[1024],"[(1024, 'leaky_relu')]",0.1,0.9,512,0.01,0.2,1.338,0.6869,20
368,[1024],"[(1024, 'leaky_relu')]",0.1,0.95,512,0.01,0.2,1.338,0.6942,19
369,[1024],"[(1024, 'leaky_relu')]",0.1,0.96,258,0.01,0.15,1.3383,0.694,22
370,[512],"[(512, 'leaky_relu')]",0.3,0.95,258,0.01,0.15,1.3385,0.6791,16
371,[256→64],"[(256, 'silu'), (64, 'gelu')]",0.3,0.96,258,0.01,0.25,1.3387,0.6772,27
372,[1024],"[(1024, 'silu')]",0.3,0.95,512,0.01,0.2,1.3389,0.6844,20
373,[512],"[(512, 'leaky_relu')]",0.3,0.96,258,0.01,0.2,1.3391,0.686,18
374,[512],"[(512, 'leaky_relu')]",0.3,0.95,258,0.01,0.2,1.3391,0.6832,25
375,[1024],"[(1024, 'leaky_relu')]",0.3,0.975,512,0.01,0.15,1.3396,0.7053,19
376,[512],"[(512, 'leaky_relu')]",0.3,0.96,512,0.01,0.15,1.3398,0.6887,22
377,[512],"[(512, 'gelu')]",0.1,0.96,512,0.01,0.25,1.3398,0.6949,17
378,[1024],"[(1024, 'leaky_relu')]",0.3,0.975,258,0.01,0.15,1.3402,0.6998,16
379,[512],"[(512, 'leaky_relu')]",0.3,0.96,512,0.01,0.25,1.3404,0.6836,19
380,[1024],"[(1024, 'silu')]",0.5,0.975,258,0.01,0.1,1.3408,0.6891,16
381,[512],"[(512, 'silu')]",0.3,0.975,512,0.01,0.25,1.3413,0.6809,19
382,[256→64],"[(256, 'silu'), (64, 'leaky_relu')]",0.3,0.9,512,0.01,0.15,1.3416,0.6625,43
383,[1024],"[(1024, 'leaky_relu')]",0.3,0.96,512,0.01,0.1,1.3421,0.7023,21
384,[256→64],"[(256, 'silu'), (64, 'leaky_relu')]",0.1,0.9,512,0.01,0.2,1.3422,0.6711,30
385,[512],"[(512, 'gelu')]",0.5,0.96,512,0.01,0.1,1.3425,0.693,22
386,[1024],"[(1024, 'leaky_relu')]",0.1,0.96,512,0.01,0.2,1.3427,0.6956,18
387,[512],"[(512, 'gelu')]",0.1,0.9,512,0.01,0.15,1.3428,0.6794,17
388,[1024],"[(1024, 'silu')]",0.1,0.9,258,0.01,0.25,1.3431,0.6828,15
389,[256→64],"[(256, 'silu'), (64, 'leaky_relu')]",0.3,0.9,258,0.01,0.15,1.3433,0.6532,41
390,[512],"[(512, 'silu')]",0.3,0.96,512,0.01,0.2,1.3436,0.6867,19
391,[512],"[(512, 'leaky_relu')]",0.5,0.95,258,0.01,0.1,1.3446,0.6975,32
392,[512],"[(512, 'gelu')]",0.3,0.975,512,0.01,0.2,1.3447,0.6912,20
393,[1024],"[(1024, 'gelu')]",0.3,0.96,512,0.01,0.1,1.3466,0.7116,19
394,[1024],"[(1024, 'gelu')]",0.5,0.96,258,0.01,0.1,1.3467,0.6965,21
395,[1024],"[(1024, 'silu')]",0.3,0.975,512,0.01,0.25,1.3472,0.6999,22
396,[512],"[(512, 'leaky_relu')]",0.1,0.95,512,0.01,0.25,1.3472,0.6767,19
397,[1024],"[(1024, 'leaky_relu')]",0.1,0.975,512,0.01,0.25,1.3472,0.6905,19
398,[512],"[(512, 'leaky_relu')]",0.5,0.975,512,0.01,0.15,1.3483,0.6836,24
399,[1024],"[(1024, 'gelu')]",0.1,0.95,512,0.01,0.25,1.3487,0.7001,16
400,[512],"[(512, 'gelu')]",0.1,0.9,512,0.01,0.2,1.349,0.6838,17
401,[256→64],"[(256, 'silu'), (64, 'gelu')]",0.3,0.95,512,0.01,0.25,1.3491,0.6647,30
402,[512],"[(512, 'silu')]",0.1,0.96,258,0.01,0.2,1.3492,0.6821,18
403,[512→64],"[(512, 'gelu'), (64, 'silu')]",0.3,0.95,512,0.01,0.2,1.3497,0.671,34
404,[512],"[(512, 'silu')]",0.3,0.975,512,0.01,0.15,1.3501,0.6828,17
405,[512],"[(512, 'gelu')]",0.3,0.95,512,0.01,0.1,1.3503,0.6832,22
406,[512],"[(512, 'silu')]",0.5,0.96,258,0.01,0.1,1.3504,0.6881,23
407,[512],"[(512, 'gelu')]",0.3,0.95,512,0.01,0.2,1.3505,0.6953,27
408,[512],"[(512, 'silu')]",0.3,0.9,258,0.01,0.1,1.3514,0.6781,17
409,[256→64],"[(256, 'silu'), (64, 'gelu')]",0.3,0.95,258,0.01,0.15,1.3514,0.6736,29
410,[256→64],"[(256, 'silu'), (64, 'gelu')]",0.3,0.95,258,0.01,0.1,1.3516,0.6652,22
411,[512],"[(512, 'gelu')]",0.1,0.975,512,0.01,0.25,1.3516,0.6844,23
412,[512],"[(512, 'silu')]",0.1,0.975,258,0.01,0.2,1.3517,0.6865,14
413,[1024],"[(1024, 'gelu')]",0.5,0.975,512,0.01,0.1,1.3519,0.687,16
414,[512],"[(512, 'leaky_relu')]",0.1,0.9,512,0.01,0.1,1.3519,0.6719,20
415,[512],"[(512, 'gelu')]",0.5,0.95,258,0.01,0.1,1.3526,0.6956,20
416,[1024],"[(1024, 'gelu')]",0.1,0.96,512,0.01,0.25,1.3531,0.6845,15
417,[1024],"[(1024, 'silu')]",0.1,0.9,258,0.01,0.2,1.3534,0.6872,14
418,[1024],"[(1024, 'gelu')]",0.1,0.96,512,0.01,0.15,1.3534,0.6827,16
419,[512],"[(512, 'leaky_relu')]",0.3,0.96,258,0.01,0.15,1.3537,0.682,15
420,[1024],"[(1024, 'silu')]",0.3,0.95,512,0.01,0.15,1.3541,0.6907,17
421,[512],"[(512, 'silu')]",0.3,0.95,512,0.01,0.2,1.3543,0.6815,19
422,[256→64],"[(256, 'silu'), (64, 'gelu')]",0.3,0.9,512,0.01,0.2,1.3546,0.6433,100
423,[512],"[(512, 'silu')]",0.5,0.96,512,0.01,0.1,1.3549,0.689,20
424,[512],"[(512, 'leaky_relu')]",0.1,0.95,258,0.01,0.2,1.3553,0.6815,16
425,[1024],"[(1024, 'gelu')]",0.1,0.975,258,0.01,0.2,1.3554,0.6855,14
426,[256→64],"[(256, 'silu'), (64, 'gelu')]",0.3,0.9,512,0.01,0.25,1.3556,0.6369,39
427,[512],"[(512, 'silu')]",0.1,0.975,258,0.01,0.25,1.3563,0.6879,15
428,[1024],"[(1024, 'leaky_relu')]",0.1,0.95,512,0.01,0.15,1.357,0.6859,20
429,[1024],"[(1024, 'silu')]",0.1,0.975,258,0.01,0.2,1.3573,0.6954,15
430,[512→64],"[(512, 'gelu'), (64, 'silu')]",0.3,0.9,258,0.01,0.1,1.3573,0.6698,28
431,[256→64],"[(256, 'silu'), (64, 'gelu')]",0.1,0.95,258,0.01,0.25,1.3573,0.6671,40
432,[512],"[(512, 'gelu')]",0.3,0.975,512,0.01,0.15,1.3574,0.6977,19
433,[1024],"[(1024, 'gelu')]",0.1,0.96,258,0.01,0.1,1.3578,0.6976,24
434,[512],"[(512, 'gelu')]",0.1,0.9,512,0.01,0.25,1.3587,0.6738,18
435,[1024],"[(1024, 'silu')]",0.1,0.9,512,0.01,0.25,1.3592,0.6849,16
436,[512],"[(512, 'leaky_relu')]",0.3,0.95,512,0.01,0.15,1.36,0.6811,20
437,[512],"[(512, 'gelu')]",0.1,0.9,512,0.01,0.1,1.36,0.6679,16
438,[512],"[(512, 'gelu')]",0.1,0.95,258,0.01,0.15,1.3611,0.6874,22
439,[512],"[(512, 'gelu')]",0.3,0.975,258,0.01,0.2,1.3615,0.6854,17
440,[512],"[(512, 'gelu')]",0.1,0.96,258,0.01,0.15,1.3616,0.6909,16
441,[512→64],"[(512, 'gelu'), (64, 'silu')]",0.5,0.9,512,0.01,0.2,1.3616,0.644,100
442,[512→64],"[(512, 'leaky_relu'), (64, 'gelu')]",0.3,0.96,512,0.01,0.25,1.3617,0.6686,36
443,[256→64],"[(256, 'silu'), (64, 'leaky_relu')]",0.3,0.9,512,0.01,0.1,1.3618,0.6241,52
444,[512],"[(512, 'leaky_relu')]",0.1,0.975,258,0.01,0.2,1.362,0.6912,14
445,[512],"[(512, 'silu')]",0.5,0.975,512,0.01,0.1,1.3623,0.6968,19
446,[256→64],"[(256, 'silu'), (64, 'gelu')]",0.1,0.9,512,0.01,0.25,1.3629,0.6558,27
447,[512→64],"[(512, 'gelu'), (64, 'silu')]",0.3,0.95,258,0.01,0.15,1.3629,0.6699,25
448,[512→64],"[(512, 'gelu'), (64, 'silu')]",0.3,0.9,512,0.01,0.15,1.3629,0.6639,35
449,[512],"[(512, 'leaky_relu')]",0.3,0.95,512,0.01,0.1,1.3634,0.6975,21
450,[1024],"[(1024, 'gelu')]",0.1,0.9,258,0.01,0.1,1.3636,0.6767,17
451,[1024],"[(1024, 'leaky_relu')]",0.3,0.95,258,0.01,0.1,1.3637,0.6992,19
452,[512],"[(512, 'silu')]",0.3,0.96,512,0.01,0.15,1.3642,0.6905,18
453,[512→64],"[(512, 'gelu'), (64, 'silu')]",0.5,0.9,258,0.01,0.25,1.3644,0.6631,85
454,[512→64],"[(512, 'gelu'), (64, 'silu')]",0.1,0.975,258,0.01,0.25,1.3649,0.684,50
455,[512],"[(512, 'silu')]",0.1,0.96,258,0.01,0.25,1.3651,0.6946,22
456,[256→64],"[(256, 'silu'), (64, 'gelu')]",0.3,0.975,512,0.01,0.2,1.3653,0.6701,30
457,[1024],"[(1024, 'gelu')]",0.1,0.96,512,0.01,0.1,1.366,0.6921,18
458,[512],"[(512, 'silu')]",0.3,0.96,258,0.01,0.15,1.3664,0.6956,16
459,[1024],"[(1024, 'silu')]",0.3,0.96,512,0.01,0.1,1.3665,0.685,16
460,[512],"[(512, 'leaky_relu')]",0.1,0.9,258,0.01,0.25,1.3677,0.6832,27
461,[1024],"[(1024, 'leaky_relu')]",0.1,0.975,512,0.01,0.2,1.3679,0.6847,16
462,[512],"[(512, 'gelu')]",0.1,0.975,512,0.01,0.2,1.3679,0.6884,17
463,[512→64],"[(512, 'gelu'), (64, 'silu')]",0.3,0.95,512,0.01,0.15,1.368,0.6707,35
464,[1024],"[(1024, 'silu')]",0.1,0.95,258,0.01,0.15,1.3681,0.7006,15
465,[1024],"[(1024, 'silu')]",0.3,0.96,512,0.01,0.25,1.3684,0.682,15
466,[512→64],"[(512, 'gelu'), (64, 'silu')]",0.1,0.9,258,0.01,0.25,1.3687,0.6775,24
467,[512],"[(512, 'leaky_relu')]",0.1,0.9,258,0.01,0.2,1.3691,0.6653,18
468,[512],"[(512, 'silu')]",0.5,0.975,258,0.01,0.1,1.3695,0.7015,21
469,[256→64],"[(256, 'silu'), (64, 'gelu')]",0.5,0.95,512,0.01,0.2,1.3699,0.6409,57
470,[512],"[(512, 'silu')]",0.1,0.9,258,0.01,0.2,1.37,0.681,19
471,[512→64],"[(512, 'gelu'), (64, 'silu')]",0.3,0.96,258,0.01,0.2,1.37,0.6789,27
472,[256→64],"[(256, 'silu'), (64, 'gelu')]",0.3,0.96,512,0.01,0.2,1.3703,0.6654,29
473,[1024],"[(1024, 'silu')]",0.3,0.975,512,0.01,0.2,1.3704,0.6943,20
474,[1024],"[(1024, 'silu')]",0.1,0.9,512,0.01,0.1,1.3707,0.6974,16
475,[512],"[(512, 'gelu')]",0.3,0.96,258,0.01,0.1,1.371,0.6965,20
476,[256→64],"[(256, 'silu'), (64, 'gelu')]",0.3,0.95,512,0.01,0.1,1.3712,0.6655,31
477,[256→64],"[(256, 'silu'), (64, 'gelu')]",0.5,0.95,512,0.01,0.25,1.3722,0.6346,77
478,[1024],"[(1024, 'leaky_relu')]",0.1,0.975,258,0.01,0.15,1.3728,0.7116,15
479,[256→64],"[(256, 'silu'), (64, 'leaky_relu')]",0.3,0.9,258,0.01,0.2,1.3733,0.644,33
480,[512],"[(512, 'gelu')]",0.3,0.975,258,0.01,0.25,1.3733,0.6776,15
481,[512],"[(512, 'silu')]",0.1,0.95,258,0.01,0.2,1.3737,0.6858,17
482,[256→64],"[(256, 'silu'), (64, 'gelu')]",0.5,0.95,258,0.01,0.2,1.3738,0.6459,46
483,[512],"[(512, 'gelu')]",0.3,0.975,258,0.01,0.15,1.3746,0.6965,28
484,[1024],"[(1024, 'leaky_relu')]",0.1,0.96,258,0.01,0.1,1.3752,0.717,15
485,[512],"[(512, 'leaky_relu')]",0.1,0.9,258,0.01,0.15,1.3762,0.675,16
486,[512→64],"[(512, 'gelu'), (64, 'silu')]",0.5,0.96,512,0.01,0.2,1.3768,0.6463,46
487,[1024],"[(1024, 'silu')]",0.3,0.975,258,0.01,0.15,1.3769,0.6897,16
488,[1024],"[(1024, 'leaky_relu')]",0.1,0.95,258,0.01,0.15,1.3769,0.6982,14
489,[512],"[(512, 'leaky_relu')]",0.1,0.95,258,0.01,0.25,1.3771,0.6675,15
490,[1024],"[(1024, 'gelu')]",0.1,0.975,512,0.01,0.15,1.3774,0.6894,16
491,[1024],"[(1024, 'gelu')]",0.1,0.9,512,0.01,0.1,1.3776,0.672,17
492,[512→64],"[(512, 'gelu'), (64, 'silu')]",0.5,0.95,512,0.01,0.15,1.3779,0.6495,71
493,[512→64],"[(512, 'gelu'), (64, 'silu')]",0.1,0.9,512,0.01,0.2,1.378,0.6621,29
494,[512],"[(512, 'leaky_relu')]",0.3,0.975,512,0.01,0.25,1.3791,0.6739,18
495,[512],"[(512, 'silu')]",0.3,0.95,512,0.01,0.1,1.3794,0.681,17
496,[256→64],"[(256, 'silu'), (64, 'gelu')]",0.3,0.96,512,0.01,0.15,1.3794,0.6606,35
497,[512],"[(512, 'leaky_relu')]",0.3,0.975,258,0.01,0.15,1.3796,0.6825,18
498,[512],"[(512, 'silu')]",0.3,0.96,512,0.01,0.25,1.38,0.6824,16
499,[512→64],"[(512, 'leaky_relu'), (64, 'gelu')]",0.3,0.95,258,0.01,0.2,1.3804,0.6581,63
500,[512],"[(512, 'silu')]",0.1,0.9,512,0.01,0.25,1.3811,0.6723,17
501,[256→64],"[(256, 'silu'), (64, 'leaky_relu')]",0.3,0.96,512,0.01,0.25,1.3824,0.6777,32
502,[1024],"[(1024, 'gelu')]",0.3,0.975,512,0.01,0.15,1.3824,0.6822,16
503,[1024],"[(1024, 'silu')]",0.1,0.975,258,0.01,0.15,1.3833,0.7061,24
504,[512],"[(512, 'leaky_relu')]",0.1,0.9,512,0.01,0.15,1.3834,0.6692,17
505,[1024],"[(1024, 'silu')]",0.5,0.975,512,0.01,0.1,1.3838,0.7022,30
506,[512],"[(512, 'leaky_relu')]",0.3,0.96,258,0.01,0.1,1.3842,0.7007,18
507,[512],"[(512, 'leaky_relu')]",0.1,0.9,512,0.01,0.2,1.3845,0.6837,19
508,[256→64],"[(256, 'silu'), (64, 'gelu')]",0.1,0.9,512,0.01,0.15,1.385,0.6581,34
509,[512→64],"[(512, 'gelu'), (64, 'silu')]",0.5,0.9,512,0.01,0.1,1.3851,0.6268,100
510,[512→64],"[(512, 'gelu'), (64, 'silu')]",0.5,0.95,512,0.01,0.25,1.3852,0.6497,77
511,[512→64],"[(512, 'gelu'), (64, 'silu')]",0.3,0.975,512,0.01,0.15,1.3857,0.6476,24
512,[512],"[(512, 'silu')]",0.1,0.9,512,0.01,0.2,1.3859,0.6692,18
513,[256→64],"[(256, 'silu'), (64, 'gelu')]",0.5,0.9,258,0.01,0.2,1.3862,0.6285,99
514,[512→64],"[(512, 'gelu'), (64, 'silu')]",0.5,0.975,512,0.01,0.25,1.3864,0.6694,51
515,[512],"[(512, 'leaky_relu')]",0.1,0.96,258,0.01,0.15,1.3866,0.6898,25
516,[1024],"[(1024, 'silu')]",0.1,0.95,512,0.01,0.2,1.3867,0.686,17
517,[256→64],"[(256, 'silu'), (64, 'gelu')]",0.3,0.9,258,0.01,0.15,1.387,0.6411,36
518,[512→64],"[(512, 'gelu'), (64, 'silu')]",0.3,0.95,258,0.01,0.25,1.3874,0.673,26
519,[1024],"[(1024, 'gelu')]",0.3,0.975,512,0.01,0.1,1.3877,0.7004,18
520,[256→64],"[(256, 'silu'), (64, 'leaky_relu')]",0.3,0.96,258,0.01,0.25,1.3878,0.6537,26
521,[512],"[(512, 'gelu')]",0.3,0.975,258,0.01,0.1,1.3879,0.6757,18
522,[256→64],"[(256, 'silu'), (64, 'leaky_relu')]",0.3,0.95,258,0.01,0.25,1.3882,0.6469,24
523,[512],"[(512, 'gelu')]",0.3,0.95,258,0.01,0.15,1.3887,0.6801,17
524,[1024],"[(1024, 'leaky_relu')]",0.1,0.975,512,0.01,0.15,1.3888,0.6932,16
525,[256→64],"[(256, 'silu'), (64, 'gelu')]",0.1,0.9,258,0.01,0.25,1.3891,0.6568,20
526,[512],"[(512, 'gelu')]",0.3,0.96,258,0.01,0.15,1.3893,0.6956,18
527,[1024],"[(1024, 'leaky_relu')]",0.1,0.975,258,0.01,0.1,1.3894,0.6973,14
528,[1024],"[(1024, 'leaky_relu')]",0.1,0.95,258,0.01,0.1,1.3895,0.7015,18
529,[1024],"[(1024, 'silu')]",0.1,0.975,512,0.01,0.25,1.3904,0.6884,16
530,[512],"[(512, 'gelu')]",0.3,0.96,512,0.01,0.1,1.3908,0.6873,20
531,[512],"[(512, 'silu')]",0.3,0.95,258,0.01,0.1,1.3909,0.6914,16
532,[512],"[(512, 'leaky_relu')]",0.1,0.96,512,0.01,0.25,1.3913,0.6893,17
533,[512],"[(512, 'leaky_relu')]",0.1,0.96,512,0.01,0.2,1.3915,0.6912,17
534,[1024],"[(1024, 'silu')]",0.1,0.9,512,0.01,0.2,1.3917,0.6722,19
535,[512],"[(512, 'silu')]",0.5,0.975,258,0.01,0.15,1.392,0.6819,20
536,[256→64],"[(256, 'silu'), (64, 'gelu')]",0.5,0.9,258,0.01,0.15,1.393,0.6231,70
537,[512],"[(512, 'silu')]",0.3,0.96,512,0.01,0.1,1.3932,0.6823,19
538,[256→64],"[(256, 'silu'), (64, 'gelu')]",0.1,0.96,512,0.01,0.25,1.3933,0.6774,40
539,[512],"[(512, 'leaky_relu')]",0.5,0.975,512,0.01,0.1,1.394,0.679,25
540,[256→64],"[(256, 'silu'), (64, 'gelu')]",0.3,0.975,512,0.01,0.25,1.3943,0.6529,25
541,[512],"[(512, 'silu')]",0.1,0.9,258,0.01,0.15,1.3944,0.687,15
542,[512→64],"[(512, 'gelu'), (64, 'silu')]",0.3,0.96,512,0.01,0.2,1.3946,0.6757,28
543,[256→64],"[(256, 'silu'), (64, 'leaky_relu')]",0.3,0.96,512,0.01,0.2,1.3947,0.6629,36
544,[256→64],"[(256, 'silu'), (64, 'gelu')]",0.3,0.96,258,0.01,0.2,1.3949,0.66,32
545,[512→64],"[(512, 'leaky_relu'), (64, 'gelu')]",0.3,0.975,512,0.01,0.25,1.3949,0.6651,44
546,[512],"[(512, 'leaky_relu')]",0.1,0.9,258,0.01,0.1,1.3952,0.6843,19
547,[512],"[(512, 'gelu')]",0.5,0.975,512,0.01,0.1,1.3963,0.6754,19
548,[512],"[(512, 'silu')]",0.1,0.95,512,0.01,0.2,1.3965,0.6711,18
549,[1024],"[(1024, 'silu')]",0.1,0.96,512,0.01,0.2,1.3971,0.6924,18
550,[256→64],"[(256, 'silu'), (64, 'leaky_relu')]",0.3,0.975,512,0.01,0.15,1.3973,0.6448,25
551,[256→64],"[(256, 'silu'), (64, 'leaky_relu')]",0.1,0.96,258,0.01,0.2,1.3974,0.6737,19
552,[1024],"[(1024, 'silu')]",0.1,0.975,512,0.01,0.15,1.3975,0.6953,17
553,[1024],"[(1024, 'gelu')]",0.1,0.96,512,0.01,0.2,1.398,0.6773,16
554,[256→64],"[(256, 'silu'), (64, 'leaky_relu')]",0.5,0.96,512,0.01,0.25,1.398,0.6196,63
555,[1024],"[(1024, 'gelu')]",0.1,0.95,512,0.01,0.15,1.3983,0.6844,16
556,[512],"[(512, 'leaky_relu')]",0.1,0.96,258,0.01,0.1,1.3985,0.687,16
557,[512],"[(512, 'gelu')]",0.1,0.96,512,0.01,0.2,1.3988,0.6659,18
558,[1024],"[(1024, 'silu')]",0.1,0.9,512,0.01,0.15,1.399,0.6688,17
559,[512],"[(512, 'silu')]",0.1,0.975,258,0.01,0.15,1.3991,0.6925,18
560,[256→64],"[(256, 'silu'), (64, 'gelu')]",0.5,0.96,258,0.01,0.2,1.3999,0.6256,51
561,[1024],"[(1024, 'leaky_relu')]",0.3,0.975,512,0.01,0.1,1.4001,0.6891,20
562,[512],"[(512, 'gelu')]",0.5,0.975,258,0.01,0.15,1.4003,0.6703,19
563,[1024],"[(1024, 'silu')]",0.3,0.95,258,0.01,0.1,1.401,0.684,15
564,[512],"[(512, 'silu')]",0.3,0.975,258,0.01,0.15,1.4012,0.6961,14
565,[256→64],"[(256, 'silu'), (64, 'leaky_relu')]",0.5,0.96,512,0.01,0.2,1.4012,0.6227,55
566,[1024],"[(1024, 'leaky_relu')]",0.1,0.95,512,0.01,0.1,1.4013,0.6984,19
567,[256→64],"[(256, 'silu'), (64, 'leaky_relu')]",0.1,0.9,512,0.01,0.1,1.4017,0.6685,27
568,[1024],"[(1024, 'leaky_relu')]",0.1,0.96,512,0.01,0.15,1.4023,0.6768,18
569,[256→64],"[(256, 'silu'), (64, 'gelu')]",0.5,0.95,512,0.01,0.1,1.4029,0.6285,75
570,[256→64],"[(256, 'silu'), (64, 'gelu')]",0.5,0.96,512,0.01,0.15,1.4034,0.6452,49
571,[512→64],"[(512, 'leaky_relu'), (64, 'gelu')]",0.3,0.95,512,0.01,0.15,1.4041,0.6613,44
572,[512],"[(512, 'leaky_relu')]",0.3,0.96,512,0.01,0.1,1.4044,0.6834,21
573,[512→64],"[(512, 'gelu'), (64, 'silu')]",0.1,0.95,512,0.01,0.25,1.4045,0.6735,27
574,[512→64],"[(512, 'gelu'), (64, 'silu')]",0.3,0.975,512,0.01,0.25,1.4049,0.675,31
575,[512],"[(512, 'gelu')]",0.1,0.9,258,0.01,0.1,1.4049,0.6734,18
576,[1024],"[(1024, 'gelu')]",0.1,0.95,512,0.01,0.1,1.405,0.6788,16
577,[512],"[(512, 'leaky_relu')]",0.1,0.975,512,0.01,0.2,1.405,0.6794,19
578,[1024],"[(1024, 'gelu')]",0.1,0.95,258,0.01,0.1,1.4053,0.6875,16
579,[256→64],"[(256, 'silu'), (64, 'gelu')]",0.5,0.975,512,0.01,0.25,1.4058,0.6298,53
580,[1024],"[(1024, 'silu')]",0.1,0.95,512,0.01,0.25,1.4067,0.6727,17
581,[256→64],"[(256, 'silu'), (64, 'gelu')]",0.3,0.95,258,0.01,0.2,1.4067,0.6748,23
582,[1024],"[(1024, 'gelu')]",0.3,0.95,258,0.01,0.1,1.4074,0.6749,17
583,[256→64],"[(256, 'silu'), (64, 'leaky_relu')]",0.3,0.95,512,0.01,0.25,1.4081,0.6431,32
584,[256→64],"[(256, 'silu'), (64, 'leaky_relu')]",0.3,0.95,258,0.01,0.2,1.4082,0.6712,34
585,[1024],"[(1024, 'silu')]",0.1,0.96,258,0.01,0.1,1.4083,0.6966,14
586,[512→64],"[(512, 'gelu'), (64, 'silu')]",0.5,0.95,258,0.01,0.15,1.4084,0.6531,43
587,[1024],"[(1024, 'silu')]",0.3,0.975,512,0.01,0.1,1.4086,0.692,17
588,[512],"[(512, 'gelu')]",0.1,0.95,512,0.01,0.25,1.4088,0.6682,17
589,[1024],"[(1024, 'silu')]",0.1,0.96,512,0.01,0.25,1.4089,0.697,19
590,[256→64],"[(256, 'silu'), (64, 'gelu')]",0.5,0.96,512,0.01,0.25,1.4094,0.6346,67
591,[256→64],"[(256, 'silu'), (64, 'gelu')]",0.3,0.9,258,0.01,0.1,1.4099,0.6557,24
592,[256→64],"[(256, 'silu'), (64, 'gelu')]",0.1,0.9,512,0.01,0.2,1.4103,0.6484,31
593,[512→64],"[(512, 'leaky_relu'), (64, 'gelu')]",0.1,0.95,258,0.01,0.25,1.4109,0.6559,29
594,[512],"[(512, 'gelu')]",0.5,0.975,258,0.01,0.1,1.411,0.6775,17
595,[512],"[(512, 'leaky_relu')]",0.3,0.975,512,0.01,0.1,1.4112,0.6902,18
596,[512],"[(512, 'silu')]",0.3,0.95,512,0.01,0.15,1.4115,0.6677,16
597,[512→64],"[(512, 'gelu'), (64, 'silu')]",0.1,0.9,512,0.01,0.25,1.4117,0.6674,33
598,[256→64],"[(256, 'silu'), (64, 'gelu')]",0.5,0.95,258,0.01,0.25,1.4121,0.6431,63
599,[1024],"[(1024, 'gelu')]",0.1,0.975,258,0.01,0.1,1.4123,0.6944,19
600,[512],"[(512, 'silu')]",0.3,0.975,258,0.01,0.1,1.4125,0.6948,17
601,[512→64],"[(512, 'gelu'), (64, 'silu')]",0.3,0.95,258,0.01,0.2,1.413,0.674,26
602,[256→64],"[(256, 'silu'), (64, 'leaky_relu')]",0.3,0.9,258,0.01,0.1,1.4134,0.6452,32
603,[512→64],"[(512, 'gelu'), (64, 'silu')]",0.3,0.9,512,0.01,0.1,1.4137,0.6306,93
604,[512],"[(512, 'silu')]",0.1,0.95,258,0.01,0.15,1.4137,0.6912,14
605,[512→64],"[(512, 'gelu'), (64, 'silu')]",0.3,0.95,512,0.01,0.1,1.414,0.6574,21
606,[1024],"[(1024, 'silu')]",0.1,0.96,258,0.01,0.15,1.4145,0.6826,15
607,[1024],"[(1024, 'leaky_relu')]",0.1,0.96,512,0.01,0.1,1.4147,0.6905,16
608,[256→64],"[(256, 'silu'), (64, 'gelu')]",0.5,0.975,512,0.01,0.15,1.4147,0.6334,53
609,[512],"[(512, 'leaky_relu')]",0.1,0.975,512,0.01,0.1,1.4148,0.6886,18
610,[1024],"[(1024, 'silu')]",0.3,0.96,258,0.01,0.1,1.4159,0.6937,13
611,[512],"[(512, 'silu')]",0.1,0.9,512,0.01,0.15,1.4161,0.6785,17
612,[512],"[(512, 'gelu')]",0.3,0.95,258,0.01,0.1,1.4165,0.6771,18
613,[256→64],"[(256, 'silu'), (64, 'gelu')]",0.1,0.9,258,0.01,0.2,1.4166,0.6705,26
614,[256→64],"[(256, 'silu'), (64, 'gelu')]",0.3,0.96,512,0.01,0.1,1.417,0.6479,31
615,[256→64],"[(256, 'silu'), (64, 'leaky_relu')]",0.5,0.96,258,0.01,0.25,1.4178,0.6231,51
616,[512],"[(512, 'leaky_relu')]",0.1,0.95,258,0.01,0.1,1.4179,0.7014,17
617,[512],"[(512, 'silu')]",0.3,0.96,258,0.01,0.1,1.4184,0.6837,18
618,[256→64],"[(256, 'silu'), (64, 'leaky_relu')]",0.1,0.96,512,0.01,0.25,1.4187,0.6516,22
619,[256→64],"[(256, 'silu'), (64, 'gelu')]",0.3,0.95,512,0.01,0.2,1.419,0.6532,36
620,[256→64],"[(256, 'silu'), (64, 'gelu')]",0.1,0.975,512,0.01,0.25,1.419,0.6803,21
621,[256→64],"[(256, 'silu'), (64, 'gelu')]",0.5,0.95,258,0.01,0.15,1.419,0.6393,34
622,[512],"[(512, 'leaky_relu')]",0.3,0.975,258,0.01,0.1,1.4192,0.6843,18
623,[256→64],"[(256, 'silu'), (64, 'gelu')]",0.5,0.96,512,0.01,0.2,1.4194,0.6139,60
624,[512],"[(512, 'gelu')]",0.1,0.95,258,0.01,0.1,1.4198,0.6921,14
625,[512],"[(512, 'gelu')]",0.3,0.975,512,0.01,0.1,1.4212,0.6816,20
626,[1024],"[(1024, 'gelu')]",0.3,0.975,258,0.01,0.15,1.4213,0.7,16
627,[1024],"[(1024, 'silu')]",0.1,0.95,512,0.01,0.15,1.4213,0.6883,16
628,[512],"[(512, 'leaky_relu')]",0.1,0.95,512,0.01,0.2,1.4217,0.679,15
629,[1024],"[(1024, 'silu')]",0.1,0.975,258,0.01,0.1,1.4222,0.6901,15
630,[256→64],"[(256, 'silu'), (64, 'leaky_relu')]",0.1,0.9,512,0.01,0.15,1.4232,0.6664,25
631,[512],"[(512, 'gelu')]",0.1,0.95,512,0.01,0.2,1.4237,0.6879,15
632,[512],"[(512, 'silu')]",0.3,0.975,512,0.01,0.2,1.4241,0.6722,18
633,[256→64],"[(256, 'silu'), (64, 'gelu')]",0.5,0.9,258,0.01,0.25,1.4246,0.6181,100
634,[256→64],"[(256, 'silu'), (64, 'gelu')]",0.5,0.96,258,0.01,0.25,1.4246,0.6358,69
635,[512],"[(512, 'gelu')]",0.1,0.96,512,0.01,0.15,1.4251,0.6694,18
636,[512→64],"[(512, 'gelu'), (64, 'silu')]",0.5,0.96,512,0.01,0.15,1.4251,0.6344,48
637,[512],"[(512, 'leaky_relu')]",0.3,0.975,258,0.01,0.2,1.4254,0.6762,17
638,[512],"[(512, 'leaky_relu')]",0.1,0.96,512,0.01,0.15,1.4258,0.6719,20
639,[512],"[(512, 'silu')]",0.1,0.95,258,0.01,0.1,1.4261,0.688,14
640,[512→64],"[(512, 'gelu'), (64, 'silu')]",0.3,0.96,258,0.01,0.25,1.4262,0.6632,36
641,[256→64],"[(256, 'silu'), (64, 'gelu')]",0.5,0.975,512,0.01,0.1,1.4263,0.6608,42
642,[512],"[(512, 'gelu')]",0.1,0.975,512,0.01,0.15,1.4265,0.6816,16
643,[512],"[(512, 'leaky_relu')]",0.3,0.975,512,0.01,0.2,1.4272,0.6753,18
644,[512],"[(512, 'silu')]",0.1,0.9,258,0.01,0.25,1.4273,0.6803,14
645,[512],"[(512, 'silu')]",0.1,0.9,258,0.01,0.1,1.4281,0.6678,16
646,[256→64],"[(256, 'silu'), (64, 'leaky_relu')]",0.5,0.95,512,0.01,0.25,1.4283,0.6143,74
647,[256→64],"[(256, 'silu'), (64, 'leaky_relu')]",0.3,0.975,512,0.01,0.25,1.4284,0.6591,39
648,[512→64],"[(512, 'gelu'), (64, 'silu')]",0.3,0.96,512,0.01,0.25,1.4286,0.6548,35
649,[512],"[(512, 'gelu')]",0.1,0.95,512,0.01,0.15,1.429,0.6809,15
650,[512],"[(512, 'leaky_relu')]",0.1,0.975,258,0.01,0.1,1.4299,0.6974,14
651,[256→64],"[(256, 'silu'), (64, 'gelu')]",0.1,0.95,512,0.01,0.25,1.43,0.6576,25
652,[256→64],"[(256, 'silu'), (64, 'leaky_relu')]",0.3,0.975,512,0.01,0.2,1.4302,0.6522,29
653,[256→64],"[(256, 'silu'), (64, 'gelu')]",0.3,0.96,512,0.01,0.25,1.4302,0.6356,28
654,[512],"[(512, 'gelu')]",0.1,0.975,258,0.01,0.1,1.4307,0.6736,15
655,[512→64],"[(512, 'gelu'), (64, 'silu')]",0.1,0.9,258,0.01,0.2,1.4315,0.6715,21
656,[512→64],"[(512, 'gelu'), (64, 'silu')]",0.3,0.975,512,0.01,0.2,1.4316,0.6675,36
657,[512],"[(512, 'leaky_relu')]",0.1,0.975,512,0.01,0.25,1.4324,0.6767,18
658,[256→64],"[(256, 'silu'), (64, 'leaky_relu')]",0.5,0.95,512,0.01,0.15,1.4327,0.6309,70
659,[1024],"[(1024, 'silu')]",0.1,0.9,258,0.01,0.1,1.4332,0.6762,15
660,[256→64],"[(256, 'silu'), (64, 'gelu')]",0.1,0.975,512,0.01,0.2,1.4337,0.6884,22
661,[1024],"[(1024, 'silu')]",0.3,0.975,258,0.01,0.1,1.4339,0.6989,15
662,[256→64],"[(256, 'silu'), (64, 'leaky_relu')]",0.3,0.95,258,0.01,0.15,1.4341,0.6512,28
663,[256→64],"[(256, 'silu'), (64, 'leaky_relu')]",0.3,0.95,512,0.01,0.1,1.4342,0.6468,37
664,[512],"[(512, 'silu')]",0.3,0.975,512,0.01,0.1,1.4347,0.6901,19
665,[512→64],"[(512, 'gelu'), (64, 'silu')]",0.5,0.96,258,0.01,0.2,1.4351,0.6322,32
666,[256→64],"[(256, 'silu'), (64, 'gelu')]",0.3,0.96,258,0.01,0.1,1.4356,0.6378,21
667,[512],"[(512, 'leaky_relu')]",0.1,0.96,512,0.01,0.1,1.4356,0.6661,18
668,[512→64],"[(512, 'gelu'), (64, 'silu')]",0.5,0.96,512,0.01,0.1,1.4357,0.6529,52
669,[1024],"[(1024, 'leaky_relu')]",0.3,0.975,258,0.01,0.1,1.436,0.6979,17
670,[256→64],"[(256, 'silu'), (64, 'gelu')]",0.1,0.9,512,0.01,0.1,1.4362,0.6496,28
671,[256→64],"[(256, 'silu'), (64, 'gelu')]",0.3,0.975,258,0.01,0.15,1.437,0.6649,27
672,[512→64],"[(512, 'gelu'), (64, 'silu')]",0.1,0.96,512,0.01,0.1,1.4374,0.6633,27
673,[256→64],"[(256, 'silu'), (64, 'leaky_relu')]",0.1,0.9,258,0.01,0.2,1.4376,0.6621,18
674,[256→64],"[(256, 'silu'), (64, 'gelu')]",0.1,0.96,258,0.01,0.2,1.4377,0.6609,19
675,[512→64],"[(512, 'leaky_relu'), (64, 'gelu')]",0.3,0.975,512,0.01,0.15,1.4377,0.6651,45
676,[1024],"[(1024, 'silu')]",0.1,0.975,512,0.01,0.2,1.4379,0.6852,17
677,[256→64],"[(256, 'silu'), (64, 'gelu')]",0.1,0.96,512,0.01,0.2,1.4384,0.6721,24
678,[256→64],"[(256, 'silu'), (64, 'leaky_relu')]",0.5,0.975,512,0.01,0.25,1.4386,0.6311,56
679,[512→64],"[(512, 'gelu'), (64, 'silu')]",0.3,0.975,258,0.01,0.2,1.4387,0.6654,23
680,[512],"[(512, 'silu')]",0.1,0.96,258,0.01,0.15,1.4388,0.673,14
681,[256→64],"[(256, 'silu'), (64, 'gelu')]",0.3,0.975,258,0.01,0.2,1.4397,0.662,27
682,[1024],"[(1024, 'leaky_relu')]",0.1,0.975,512,0.01,0.1,1.4398,0.6877,16
683,[256→64],"[(256, 'silu'), (64, 'gelu')]",0.5,0.96,258,0.01,0.15,1.4398,0.6193,37
684,[512→64],"[(512, 'gelu'), (64, 'silu')]",0.3,0.975,512,0.01,0.1,1.4398,0.6632,28
685,[512],"[(512, 'silu')]",0.1,0.96,512,0.01,0.25,1.4414,0.6925,18
686,[512],"[(512, 'silu')]",0.1,0.975,512,0.01,0.2,1.4419,0.6805,16
687,[256→64],"[(256, 'silu'), (64, 'leaky_relu')]",0.3,0.975,258,0.01,0.25,1.4429,0.6584,28
688,[512→64],"[(512, 'leaky_relu'), (64, 'gelu')]",0.3,0.9,258,0.01,0.1,1.443,0.6233,73
689,[256→64],"[(256, 'silu'), (64, 'leaky_relu')]",0.3,0.96,512,0.01,0.15,1.4435,0.6562,29
690,[512],"[(512, 'silu')]",0.1,0.96,512,0.01,0.2,1.4438,0.6771,15
691,[512],"[(512, 'leaky_relu')]",0.1,0.95,512,0.01,0.15,1.4451,0.6834,17
692,[1024],"[(1024, 'leaky_relu')]",0.3,0.96,258,0.01,0.1,1.4453,0.686,14
693,[1024],"[(1024, 'silu')]",0.1,0.96,512,0.01,0.15,1.4465,0.6898,15
694,[1024],"[(1024, 'gelu')]",0.3,0.96,258,0.01,0.1,1.4468,0.7005,15
695,[256→64],"[(256, 'silu'), (64, 'gelu')]",0.3,0.95,512,0.01,0.15,1.447,0.6447,37
696,[256→64],"[(256, 'silu'), (64, 'leaky_relu')]",0.1,0.9,512,0.01,0.25,1.4473,0.6284,37
697,[512],"[(512, 'leaky_relu')]",0.1,0.975,512,0.01,0.15,1.4473,0.6801,16
698,[512→64],"[(512, 'gelu'), (64, 'silu')]",0.1,0.96,512,0.01,0.25,1.4477,0.6724,23
699,[256→64],"[(256, 'silu'), (64, 'leaky_relu')]",0.3,0.95,512,0.01,0.15,1.448,0.6468,27
700,[256→64],"[(256, 'silu'), (64, 'gelu')]",0.5,0.975,512,0.01,0.2,1.4495,0.638,60
701,[512→64],"[(512, 'leaky_relu'), (64, 'gelu')]",0.3,0.975,258,0.01,0.25,1.4499,0.664,31
702,[512],"[(512, 'leaky_relu')]",0.1,0.975,258,0.01,0.15,1.4502,0.6776,15
703,[256→64],"[(256, 'silu'), (64, 'leaky_relu')]",0.5,0.95,512,0.01,0.1,1.4507,0.6286,58
704,[256→64],"[(256, 'silu'), (64, 'gelu')]",0.5,0.95,512,0.01,0.15,1.4511,0.6364,57
705,[256→64],"[(256, 'silu'), (64, 'leaky_relu')]",0.1,0.95,258,0.01,0.2,1.4513,0.6721,25
706,[256→64],"[(256, 'silu'), (64, 'leaky_relu')]",0.5,0.96,512,0.01,0.1,1.4514,0.623,59
707,[256→64],"[(256, 'silu'), (64, 'gelu')]",0.1,0.95,512,0.01,0.2,1.4524,0.6532,25
708,[256→64],"[(256, 'silu'), (64, 'leaky_relu')]",0.3,0.975,258,0.01,0.2,1.4525,0.6657,31
709,[512],"[(512, 'leaky_relu')]",0.3,0.975,512,0.01,0.15,1.4527,0.6719,19
710,[256→64],"[(256, 'silu'), (64, 'leaky_relu')]",0.3,0.95,512,0.01,0.2,1.4537,0.6514,37
711,[512→64],"[(512, 'gelu'), (64, 'silu')]",0.1,0.9,258,0.01,0.15,1.454,0.6432,20
712,[512],"[(512, 'silu')]",0.1,0.95,512,0.01,0.15,1.4544,0.6842,16
713,[512→64],"[(512, 'gelu'), (64, 'silu')]",0.5,0.96,258,0.01,0.1,1.4544,0.6345,39
714,[256→64],"[(256, 'silu'), (64, 'gelu')]",0.3,0.975,258,0.01,0.25,1.4544,0.6547,23
715,[512],"[(512, 'gelu')]",0.1,0.96,258,0.01,0.1,1.4545,0.6785,17
716,[256→64],"[(256, 'silu'), (64, 'leaky_relu')]",0.5,0.9,258,0.01,0.15,1.4546,0.6113,84
717,[512→64],"[(512, 'leaky_relu'), (64, 'gelu')]",0.1,0.95,512,0.01,0.25,1.4561,0.6429,30
718,[512→64],"[(512, 'leaky_relu'), (64, 'gelu')]",0.1,0.9,258,0.01,0.2,1.4567,0.6339,34
719,[256→64],"[(256, 'silu'), (64, 'gelu')]",0.5,0.975,258,0.01,0.25,1.4578,0.6322,39
720,[512→64],"[(512, 'leaky_relu'), (64, 'gelu')]",0.3,0.96,512,0.01,0.15,1.459,0.6387,42
721,[512],"[(512, 'gelu')]",0.1,0.95,512,0.01,0.1,1.4591,0.6811,19
722,[256→64],"[(256, 'silu'), (64, 'leaky_relu')]",0.1,0.95,512,0.01,0.25,1.4594,0.652,20
723,[256→64],"[(256, 'silu'), (64, 'leaky_relu')]",0.5,0.96,512,0.01,0.15,1.4596,0.6271,63
724,[512→64],"[(512, 'leaky_relu'), (64, 'gelu')]",0.3,0.9,258,0.01,0.2,1.4608,0.6127,61
725,[512→64],"[(512, 'gelu'), (64, 'silu')]",0.1,0.96,258,0.01,0.2,1.4609,0.6755,28
726,[512→64],"[(512, 'leaky_relu'), (64, 'gelu')]",0.1,0.9,512,0.01,0.1,1.4615,0.6305,41
727,[1024],"[(1024, 'gelu')]",0.1,0.975,512,0.01,0.1,1.4617,0.695,15
728,[1024],"[(1024, 'silu')]",0.1,0.95,512,0.01,0.1,1.462,0.6753,17
729,[256→64],"[(256, 'silu'), (64, 'leaky_relu')]",0.1,0.9,258,0.01,0.25,1.4621,0.6714,18
730,[256→64],"[(256, 'silu'), (64, 'leaky_relu')]",0.5,0.95,258,0.01,0.25,1.4622,0.6278,68
731,[512→64],"[(512, 'leaky_relu'), (64, 'gelu')]",0.3,0.96,258,0.01,0.25,1.4629,0.6538,33
732,[512→64],"[(512, 'gelu'), (64, 'silu')]",0.1,0.96,512,0.01,0.2,1.463,0.6695,22
733,[512],"[(512, 'leaky_relu')]",0.1,0.95,258,0.01,0.15,1.4634,0.6845,17
734,[256→64],"[(256, 'silu'), (64, 'leaky_relu')]",0.1,0.975,512,0.01,0.25,1.4635,0.68,20
735,[256→64],"[(256, 'silu'), (64, 'leaky_relu')]",0.3,0.96,258,0.01,0.2,1.4642,0.6434,25
736,[256→64],"[(256, 'silu'), (64, 'leaky_relu')]",0.5,0.96,258,0.01,0.1,1.4658,0.6381,39
737,[512],"[(512, 'silu')]",0.1,0.9,512,0.01,0.1,1.4661,0.6799,18
738,[512→64],"[(512, 'leaky_relu'), (64, 'gelu')]",0.1,0.96,258,0.01,0.25,1.4666,0.6667,31
739,[256→64],"[(256, 'silu'), (64, 'gelu')]",0.5,0.96,258,0.01,0.1,1.4666,0.6295,48
740,[512→64],"[(512, 'leaky_relu'), (64, 'gelu')]",0.3,0.95,258,0.01,0.25,1.4672,0.6481,44
741,[256→64],"[(256, 'silu'), (64, 'gelu')]",0.1,0.9,258,0.01,0.15,1.4673,0.6637,20
742,[512→64],"[(512, 'gelu'), (64, 'silu')]",0.5,0.95,512,0.01,0.1,1.4675,0.6271,76
743,[512→64],"[(512, 'leaky_relu'), (64, 'gelu')]",0.3,0.96,512,0.01,0.2,1.4681,0.6482,47
744,[256→64],"[(256, 'silu'), (64, 'leaky_relu')]",0.3,0.96,258,0.01,0.1,1.4684,0.6533,27
745,[1024],"[(1024, 'silu')]",0.1,0.96,512,0.01,0.1,1.4688,0.6846,16
746,[512→64],"[(512, 'gelu'), (64, 'silu')]",0.1,0.975,512,0.01,0.25,1.4689,0.659,27
747,[512],"[(512, 'silu')]",0.1,0.95,512,0.01,0.25,1.469,0.6721,15
748,[512],"[(512, 'silu')]",0.1,0.96,512,0.01,0.15,1.4693,0.6789,16
749,[512→64],"[(512, 'gelu'), (64, 'silu')]",0.1,0.9,258,0.01,0.1,1.4695,0.6708,17
750,[512→64],"[(512, 'leaky_relu'), (64, 'gelu')]",0.1,0.9,512,0.01,0.15,1.4696,0.627,50
751,[1024],"[(1024, 'silu')]",0.1,0.975,512,0.01,0.1,1.4705,0.7003,17
752,[512→64],"[(512, 'leaky_relu'), (64, 'gelu')]",0.5,0.96,258,0.01,0.2,1.4708,0.6274,85
753,[512],"[(512, 'leaky_relu')]",0.1,0.95,512,0.01,0.1,1.4709,0.6794,21
754,[256→64],"[(256, 'silu'), (64, 'leaky_relu')]",0.1,0.9,258,0.01,0.15,1.4713,0.6511,21
755,[256→64],"[(256, 'silu'), (64, 'leaky_relu')]",0.1,0.9,258,0.01,0.1,1.4714,0.6729,19
756,[512],"[(512, 'silu')]",0.1,0.975,512,0.01,0.15,1.4716,0.6815,16
757,[256→64],"[(256, 'silu'), (64, 'leaky_relu')]",0.3,0.95,258,0.01,0.1,1.4721,0.6468,26
758,[256→64],"[(256, 'silu'), (64, 'leaky_relu')]",0.5,0.9,258,0.01,0.25,1.4723,0.6036,100
759,[512],"[(512, 'silu')]",0.1,0.975,258,0.01,0.1,1.473,0.6888,14
760,[512],"[(512, 'silu')]",0.1,0.96,512,0.01,0.1,1.4733,0.6791,19
761,[512],"[(512, 'silu')]",0.1,0.975,512,0.01,0.25,1.4735,0.6781,15
762,[512→64],"[(512, 'gelu'), (64, 'silu')]",0.5,0.96,512,0.01,0.25,1.4735,0.6333,82
763,[256→64],"[(256, 'silu'), (64, 'gelu')]",0.5,0.975,258,0.01,0.2,1.474,0.6258,43
764,[256→64],"[(256, 'silu'), (64, 'gelu')]",0.1,0.96,258,0.01,0.25,1.4743,0.6706,35
765,[256→64],"[(256, 'silu'), (64, 'leaky_relu')]",0.5,0.95,258,0.01,0.1,1.4746,0.6121,51
766,[256→64],"[(256, 'silu'), (64, 'leaky_relu')]",0.5,0.95,512,0.01,0.2,1.4747,0.6171,100
767,[256→64],"[(256, 'silu'), (64, 'leaky_relu')]",0.3,0.96,512,0.01,0.1,1.4762,0.6605,31
768,[512→64],"[(512, 'gelu'), (64, 'silu')]",0.1,0.95,512,0.01,0.1,1.4774,0.6826,23
769,[256→64],"[(256, 'silu'), (64, 'leaky_relu')]",0.5,0.95,258,0.01,0.15,1.4791,0.6191,59
770,[256→64],"[(256, 'silu'), (64, 'leaky_relu')]",0.5,0.95,258,0.01,0.2,1.4792,0.6073,52
771,[256→64],"[(256, 'silu'), (64, 'leaky_relu')]",0.5,0.975,512,0.01,0.2,1.48,0.6199,48
772,[512→64],"[(512, 'gelu'), (64, 'silu')]",0.5,0.975,512,0.01,0.1,1.4801,0.6285,45
773,[512→64],"[(512, 'gelu'), (64, 'silu')]",0.1,0.975,258,0.01,0.2,1.4809,0.6736,17
774,[512→64],"[(512, 'leaky_relu'), (64, 'gelu')]",0.3,0.975,512,0.01,0.2,1.4823,0.6505,41
775,[512],"[(512, 'gelu')]",0.1,0.96,512,0.01,0.1,1.4823,0.6797,18
776,[512→64],"[(512, 'gelu'), (64, 'silu')]",0.5,0.96,258,0.01,0.25,1.4829,0.6273,61
777,[512→64],"[(512, 'gelu'), (64, 'silu')]",0.3,0.96,512,0.01,0.1,1.4829,0.6433,21
778,[512→64],"[(512, 'gelu'), (64, 'silu')]",0.5,0.9,258,0.01,0.2,1.4831,0.5957,89
779,[256→64],"[(256, 'silu'), (64, 'leaky_relu')]",0.5,0.96,258,0.01,0.15,1.4845,0.6081,46
780,[256→64],"[(256, 'silu'), (64, 'leaky_relu')]",0.5,0.9,258,0.01,0.2,1.4846,0.6177,59
781,[256→64],"[(256, 'silu'), (64, 'gelu')]",0.3,0.975,512,0.01,0.1,1.4858,0.6579,26
782,[512→64],"[(512, 'leaky_relu'), (64, 'gelu')]",0.1,0.9,512,0.01,0.25,1.4883,0.6395,40
783,[512→64],"[(512, 'gelu'), (64, 'silu')]",0.5,0.975,258,0.01,0.25,1.4893,0.6213,60
784,[1024],"[(1024, 'silu')]",0.1,0.95,258,0.01,0.1,1.4894,0.691,13
785,[512→64],"[(512, 'gelu'), (64, 'silu')]",0.1,0.95,512,0.01,0.2,1.4906,0.6677,22
786,[256→64],"[(256, 'silu'), (64, 'leaky_relu')]",0.1,0.96,258,0.01,0.25,1.4907,0.6594,22
787,[1024],"[(1024, 'gelu')]",0.3,0.975,258,0.01,0.1,1.4912,0.6945,17
788,[512→64],"[(512, 'gelu'), (64, 'silu')]",0.5,0.975,258,0.01,0.15,1.4933,0.671,56
789,[512],"[(512, 'gelu')]",0.1,0.975,512,0.01,0.1,1.4934,0.6807,18
790,[256→64],"[(256, 'silu'), (64, 'leaky_relu')]",0.5,0.96,258,0.01,0.2,1.4939,0.6177,43
791,[256→64],"[(256, 'silu'), (64, 'gelu')]",0.5,0.95,258,0.01,0.1,1.494,0.615,44
792,[512→64],"[(512, 'gelu'), (64, 'silu')]",0.5,0.975,512,0.01,0.15,1.4941,0.6373,48
793,[256→64],"[(256, 'silu'), (64, 'gelu')]",0.1,0.9,258,0.01,0.1,1.4954,0.6565,20
794,[256→64],"[(256, 'silu'), (64, 'gelu')]",0.1,0.975,258,0.01,0.25,1.4965,0.6543,17
795,[512→64],"[(512, 'leaky_relu'), (64, 'gelu')]",0.5,0.975,258,0.01,0.15,1.4966,0.6461,63
796,[256→64],"[(256, 'silu'), (64, 'leaky_relu')]",0.1,0.975,258,0.01,0.25,1.4966,0.6789,20
797,[256→64],"[(256, 'silu'), (64, 'leaky_relu')]",0.1,0.95,258,0.01,0.25,1.4974,0.6684,21
798,[512→64],"[(512, 'gelu'), (64, 'silu')]",0.3,0.975,258,0.01,0.15,1.4985,0.6316,26
799,[256→64],"[(256, 'silu'), (64, 'gelu')]",0.3,0.975,512,0.01,0.15,1.4988,0.6453,32
800,[512→64],"[(512, 'gelu'), (64, 'silu')]",0.1,0.95,258,0.01,0.2,1.4992,0.6537,23
801,[256→64],"[(256, 'silu'), (64, 'gelu')]",0.3,0.96,258,0.01,0.15,1.5007,0.6476,33
802,[512→64],"[(512, 'leaky_relu'), (64, 'gelu')]",0.1,0.96,512,0.01,0.25,1.5012,0.635,28
803,[256→64],"[(256, 'silu'), (64, 'leaky_relu')]",0.5,0.975,258,0.01,0.2,1.5015,0.6023,42
804,[512→64],"[(512, 'gelu'), (64, 'silu')]",0.5,0.975,512,0.01,0.2,1.5016,0.6325,47
805,[512],"[(512, 'silu')]",0.1,0.96,258,0.01,0.1,1.5018,0.6717,16
806,[256→64],"[(256, 'silu'), (64, 'gelu')]",0.5,0.96,512,0.01,0.1,1.5021,0.6173,53
807,[512→64],"[(512, 'gelu'), (64, 'silu')]",0.1,0.95,258,0.01,0.25,1.5027,0.6636,21
808,[512],"[(512, 'silu')]",0.1,0.95,512,0.01,0.1,1.5039,0.6794,15
809,[512→64],"[(512, 'gelu'), (64, 'silu')]",0.1,0.975,512,0.01,0.1,1.5042,0.6698,18
810,[256→64],"[(256, 'silu'), (64, 'gelu')]",0.5,0.975,258,0.01,0.15,1.5048,0.6031,43
811,[512→64],"[(512, 'gelu'), (64, 'silu')]",0.1,0.9,512,0.01,0.1,1.5062,0.6612,23
812,[256→64],"[(256, 'silu'), (64, 'gelu')]",0.1,0.96,512,0.01,0.1,1.5064,0.6512,21
813,[512→64],"[(512, 'leaky_relu'), (64, 'gelu')]",0.3,0.9,512,0.01,0.1,1.5066,0.6039,55
814,[512→64],"[(512, 'leaky_relu'), (64, 'gelu')]",0.3,0.95,258,0.01,0.1,1.5076,0.634,35
815,[512→64],"[(512, 'leaky_relu'), (64, 'gelu')]",0.1,0.95,258,0.01,0.1,1.5079,0.6673,22
816,[256→64],"[(256, 'silu'), (64, 'leaky_relu')]",0.5,0.9,258,0.01,0.1,1.5082,0.6075,99
817,[512→64],"[(512, 'gelu'), (64, 'silu')]",0.5,0.96,258,0.01,0.15,1.5095,0.6285,65
818,[256→64],"[(256, 'silu'), (64, 'leaky_relu')]",0.3,0.975,512,0.01,0.1,1.5125,0.6689,31
819,[512→64],"[(512, 'gelu'), (64, 'silu')]",0.1,0.95,512,0.01,0.15,1.5125,0.6622,22
820,[256→64],"[(256, 'silu'), (64, 'leaky_relu')]",0.1,0.975,512,0.01,0.2,1.5126,0.6632,24
821,[256→64],"[(256, 'silu'), (64, 'gelu')]",0.1,0.95,258,0.01,0.1,1.5148,0.6598,15
822,[512→64],"[(512, 'leaky_relu'), (64, 'gelu')]",0.3,0.96,258,0.01,0.1,1.5157,0.6419,28
823,[512→64],"[(512, 'leaky_relu'), (64, 'gelu')]",0.1,0.975,258,0.01,0.25,1.5157,0.6502,24
824,[512→64],"[(512, 'leaky_relu'), (64, 'gelu')]",0.3,0.9,258,0.01,0.15,1.5163,0.6179,45
825,[256→64],"[(256, 'silu'), (64, 'gelu')]",0.5,0.9,512,0.01,0.15,1.5173,0.6005,100
826,[512→64],"[(512, 'leaky_relu'), (64, 'gelu')]",0.3,0.975,258,0.01,0.15,1.5175,0.6521,34
827,[512→64],"[(512, 'gelu'), (64, 'silu')]",0.5,0.95,258,0.01,0.1,1.5185,0.6425,61
828,[512→64],"[(512, 'leaky_relu'), (64, 'gelu')]",0.5,0.975,512,0.01,0.25,1.5202,0.6289,88
829,[512→64],"[(512, 'leaky_relu'), (64, 'gelu')]",0.3,0.96,258,0.01,0.2,1.5204,0.6542,64
830,[256→64],"[(256, 'silu'), (64, 'leaky_relu')]",0.3,0.975,258,0.01,0.15,1.5206,0.6489,26
831,[512→64],"[(512, 'gelu'), (64, 'silu')]",0.5,0.975,258,0.01,0.2,1.5208,0.6412,56
832,[256→64],"[(256, 'silu'), (64, 'gelu')]",0.5,0.9,512,0.01,0.25,1.5208,0.5998,100
833,[512→64],"[(512, 'leaky_relu'), (64, 'gelu')]",0.3,0.95,512,0.01,0.25,1.5208,0.624,54
834,[512→64],"[(512, 'gelu'), (64, 'silu')]",0.5,0.975,258,0.01,0.1,1.5217,0.6307,40
835,[256→64],"[(256, 'silu'), (64, 'leaky_relu')]",0.1,0.95,512,0.01,0.2,1.5231,0.638,23
836,[512→64],"[(512, 'gelu'), (64, 'silu')]",0.1,0.975,512,0.01,0.2,1.5237,0.6442,19
837,[256→64],"[(256, 'silu'), (64, 'gelu')]",0.1,0.95,258,0.01,0.2,1.5253,0.6685,18
838,[512→64],"[(512, 'leaky_relu'), (64, 'gelu')]",0.1,0.9,258,0.01,0.1,1.5273,0.6437,33
839,[512→64],"[(512, 'leaky_relu'), (64, 'gelu')]",0.1,0.96,512,0.01,0.1,1.528,0.6615,24
840,[512→64],"[(512, 'leaky_relu'), (64, 'gelu')]",0.5,0.975,512,0.01,0.15,1.5282,0.6276,98
841,[512→64],"[(512, 'leaky_relu'), (64, 'gelu')]",0.3,0.95,258,0.01,0.15,1.5285,0.6575,44
842,[512→64],"[(512, 'gelu'), (64, 'silu')]",0.1,0.9,512,0.01,0.15,1.529,0.6225,41
843,[512→64],"[(512, 'gelu'), (64, 'silu')]",0.1,0.96,258,0.01,0.25,1.5291,0.6597,19
844,[512→64],"[(512, 'gelu'), (64, 'silu')]",0.5,0.9,258,0.01,0.1,1.5303,0.6008,100
845,[256→64],"[(256, 'silu'), (64, 'gelu')]",0.1,0.95,512,0.01,0.1,1.5306,0.6698,20
846,[256→64],"[(256, 'silu'), (64, 'leaky_relu')]",0.3,0.96,258,0.01,0.15,1.5307,0.6281,29
847,[512→64],"[(512, 'gelu'), (64, 'silu')]",0.1,0.975,512,0.01,0.15,1.5315,0.6588,20
848,[512→64],"[(512, 'leaky_relu'), (64, 'gelu')]",0.3,0.95,512,0.01,0.2,1.5319,0.6328,51
849,[256→64],"[(256, 'silu'), (64, 'gelu')]",0.5,0.9,512,0.01,0.2,1.5338,0.5928,100
850,[256→64],"[(256, 'silu'), (64, 'leaky_relu')]",0.5,0.975,258,0.01,0.15,1.5345,0.6111,43
851,[512],"[(512, 'silu')]",0.1,0.975,512,0.01,0.1,1.5347,0.6648,16
852,[512→64],"[(512, 'leaky_relu'), (64, 'gelu')]",0.1,0.9,258,0.01,0.15,1.5349,0.6147,38
853,[512→64],"[(512, 'gelu'), (64, 'silu')]",0.5,0.9,512,0.01,0.25,1.5349,0.607,100
854,[256→64],"[(256, 'silu'), (64, 'gelu')]",0.3,0.975,258,0.01,0.1,1.5349,0.6485,21
855,[512→64],"[(512, 'leaky_relu'), (64, 'gelu')]",0.5,0.96,258,0.01,0.15,1.5356,0.6181,92
856,[256→64],"[(256, 'silu'), (64, 'leaky_relu')]",0.5,0.975,258,0.01,0.25,1.5356,0.614,54
857,[256→64],"[(256, 'silu'), (64, 'leaky_relu')]",0.1,0.96,512,0.01,0.1,1.5357,0.6809,20
858,[512→64],"[(512, 'leaky_relu'), (64, 'gelu')]",0.5,0.975,512,0.01,0.1,1.5367,0.6314,60
859,[512→64],"[(512, 'leaky_relu'), (64, 'gelu')]",0.3,0.96,258,0.01,0.15,1.5372,0.6226,30
860,[512→64],"[(512, 'leaky_relu'), (64, 'gelu')]",0.1,0.975,512,0.01,0.2,1.539,0.6351,28
861,[256→64],"[(256, 'silu'), (64, 'gelu')]",0.1,0.96,512,0.01,0.15,1.5391,0.6524,21
862,[256→64],"[(256, 'silu'), (64, 'leaky_relu')]",0.1,0.95,512,0.01,0.1,1.5395,0.647,21
863,[256→64],"[(256, 'silu'), (64, 'leaky_relu')]",0.1,0.95,512,0.01,0.15,1.5402,0.6534,28
864,[512→64],"[(512, 'gelu'), (64, 'silu')]",0.5,0.9,258,0.01,0.15,1.5404,0.6104,100
865,[256→64],"[(256, 'silu'), (64, 'leaky_relu')]",0.3,0.975,258,0.01,0.1,1.5408,0.6622,23
866,[512→64],"[(512, 'gelu'), (64, 'silu')]",0.3,0.96,258,0.01,0.1,1.5408,0.6452,34
867,[512→64],"[(512, 'gelu'), (64, 'silu')]",0.3,0.975,258,0.01,0.1,1.5414,0.6659,24
868,[256→64],"[(256, 'silu'), (64, 'leaky_relu')]",0.1,0.96,512,0.01,0.2,1.5416,0.6713,20
869,[256→64],"[(256, 'silu'), (64, 'leaky_relu')]",0.5,0.9,512,0.01,0.25,1.5432,0.5823,100
870,[256→64],"[(256, 'silu'), (64, 'gelu')]",0.5,0.975,258,0.01,0.1,1.5433,0.6263,41
871,[512→64],"[(512, 'gelu'), (64, 'silu')]",0.5,0.95,258,0.01,0.2,1.5435,0.6237,63
872,[256→64],"[(256, 'silu'), (64, 'leaky_relu')]",0.5,0.975,258,0.01,0.1,1.5472,0.6263,51
873,[256→64],"[(256, 'silu'), (64, 'gelu')]",0.1,0.975,258,0.01,0.15,1.5485,0.6867,17
874,[512→64],"[(512, 'leaky_relu'), (64, 'gelu')]",0.3,0.9,258,0.01,0.25,1.5531,0.6121,80
875,[512→64],"[(512, 'gelu'), (64, 'silu')]",0.1,0.96,512,0.01,0.15,1.5533,0.6499,17
876,[256→64],"[(256, 'silu'), (64, 'gelu')]",0.1,0.95,258,0.01,0.15,1.5542,0.6568,19
877,[256→64],"[(256, 'silu'), (64, 'gelu')]",0.1,0.975,258,0.01,0.2,1.5558,0.6589,20
878,[512→64],"[(512, 'leaky_relu'), (64, 'gelu')]",0.5,0.95,512,0.01,0.2,1.5561,0.5942,99
879,[256→64],"[(256, 'silu'), (64, 'leaky_relu')]",0.5,0.975,512,0.01,0.15,1.561,0.6226,56
880,[256→64],"[(256, 'silu'), (64, 'leaky_relu')]",0.5,0.975,512,0.01,0.1,1.5613,0.6124,60
881,[512→64],"[(512, 'leaky_relu'), (64, 'gelu')]",0.3,0.975,258,0.01,0.2,1.5614,0.6517,34
882,[512→64],"[(512, 'gelu'), (64, 'silu')]",0.3,0.96,258,0.01,0.15,1.5615,0.6483,38
883,[512→64],"[(512, 'leaky_relu'), (64, 'gelu')]",0.3,0.9,512,0.01,0.15,1.5638,0.5958,100
884,[512→64],"[(512, 'leaky_relu'), (64, 'gelu')]",0.5,0.96,258,0.01,0.25,1.5643,0.6154,58
885,[512→64],"[(512, 'leaky_relu'), (64, 'gelu')]",0.1,0.95,512,0.01,0.2,1.5645,0.6408,26
886,[256→64],"[(256, 'silu'), (64, 'leaky_relu')]",0.1,0.95,258,0.01,0.15,1.5671,0.6719,18
887,[256→64],"[(256, 'silu'), (64, 'leaky_relu')]",0.1,0.975,258,0.01,0.2,1.5672,0.6657,34
888,[256→64],"[(256, 'silu'), (64, 'leaky_relu')]",0.1,0.975,512,0.01,0.1,1.5688,0.6601,19
889,[512→64],"[(512, 'leaky_relu'), (64, 'gelu')]",0.1,0.975,512,0.01,0.25,1.5705,0.6453,27
890,[512→64],"[(512, 'leaky_relu'), (64, 'gelu')]",0.3,0.96,512,0.01,0.1,1.5713,0.6215,41
891,[256→64],"[(256, 'silu'), (64, 'gelu')]",0.5,0.9,258,0.01,0.1,1.5719,0.5734,100
892,[256→64],"[(256, 'silu'), (64, 'leaky_relu')]",0.5,0.9,512,0.01,0.1,1.5723,0.5784,100
893,[256→64],"[(256, 'silu'), (64, 'gelu')]",0.1,0.975,258,0.01,0.1,1.5759,0.6581,16
894,[512→64],"[(512, 'leaky_relu'), (64, 'gelu')]",0.3,0.9,512,0.01,0.25,1.5778,0.5888,100
895,[512→64],"[(512, 'leaky_relu'), (64, 'gelu')]",0.3,0.9,512,0.01,0.2,1.5788,0.5927,100
896,[512→64],"[(512, 'leaky_relu'), (64, 'gelu')]",0.5,0.96,512,0.01,0.1,1.5795,0.6051,82
897,[512→64],"[(512, 'leaky_relu'), (64, 'gelu')]",0.3,0.95,512,0.01,0.1,1.5798,0.6289,47
898,[512→64],"[(512, 'gelu'), (64, 'silu')]",0.1,0.95,258,0.01,0.15,1.5803,0.6538,17
899,[256→64],"[(256, 'silu'), (64, 'gelu')]",0.1,0.95,512,0.01,0.15,1.5807,0.6583,19
900,[512→64],"[(512, 'leaky_relu'), (64, 'gelu')]",0.1,0.95,512,0.01,0.15,1.581,0.6261,28
901,[512→64],"[(512, 'gelu'), (64, 'silu')]",0.5,0.9,512,0.01,0.15,1.5819,0.5978,100
902,[256→64],"[(256, 'silu'), (64, 'leaky_relu')]",0.5,0.9,512,0.01,0.15,1.5822,0.5585,100
903,[256→64],"[(256, 'silu'), (64, 'leaky_relu')]",0.1,0.96,258,0.01,0.1,1.585,0.6594,17
904,[256→64],"[(256, 'silu'), (64, 'gelu')]",0.1,0.975,512,0.01,0.1,1.5857,0.6596,20
905,[256→64],"[(256, 'silu'), (64, 'gelu')]",0.1,0.96,258,0.01,0.1,1.5868,0.665,19
906,[512→64],"[(512, 'gelu'), (64, 'silu')]",0.1,0.975,258,0.01,0.15,1.5884,0.6488,24
907,[256→64],"[(256, 'silu'), (64, 'leaky_relu')]",0.1,0.96,512,0.01,0.15,1.5902,0.6365,20
908,[512→64],"[(512, 'leaky_relu'), (64, 'gelu')]",0.1,0.95,258,0.01,0.2,1.5926,0.6495,30
909,[256→64],"[(256, 'silu'), (64, 'gelu')]",0.5,0.9,512,0.01,0.1,1.5984,0.5792,100
910,[512→64],"[(512, 'leaky_relu'), (64, 'gelu')]",0.5,0.975,258,0.01,0.25,1.6028,0.6378,100
911,[256→64],"[(256, 'silu'), (64, 'leaky_relu')]",0.1,0.975,512,0.01,0.15,1.6055,0.6412,17
912,[256→64],"[(256, 'silu'), (64, 'gelu')]",0.1,0.96,258,0.01,0.15,1.6063,0.6574,18
913,[512→64],"[(512, 'gelu'), (64, 'silu')]",0.1,0.96,258,0.01,0.15,1.6082,0.6601,18
914,[512→64],"[(512, 'gelu'), (64, 'silu')]",0.1,0.95,258,0.01,0.1,1.6094,0.6568,17
915,[512→64],"[(512, 'leaky_relu'), (64, 'gelu')]",0.1,0.9,258,0.01,0.25,1.6099,0.6277,38
916,[512→64],"[(512, 'leaky_relu'), (64, 'gelu')]",0.1,0.9,512,0.01,0.2,1.612,0.5937,53
917,[512→64],"[(512, 'leaky_relu'), (64, 'gelu')]",0.5,0.975,258,0.01,0.2,1.6139,0.6231,61
918,[512→64],"[(512, 'leaky_relu'), (64, 'gelu')]",0.3,0.975,512,0.01,0.1,1.6251,0.6285,57
919,[512→64],"[(512, 'leaky_relu'), (64, 'gelu')]",0.1,0.95,512,0.01,0.1,1.627,0.632,30
920,[512→64],"[(512, 'leaky_relu'), (64, 'gelu')]",0.1,0.96,258,0.01,0.2,1.6272,0.6418,23
921,[512→64],"[(512, 'leaky_relu'), (64, 'gelu')]",0.1,0.96,512,0.01,0.2,1.6272,0.6272,33
922,[256→64],"[(256, 'silu'), (64, 'leaky_relu')]",0.5,0.9,512,0.01,0.2,1.6327,0.5552,100
923,[256→64],"[(256, 'silu'), (64, 'gelu')]",0.1,0.975,512,0.01,0.15,1.6331,0.6512,20
924,[256→64],"[(256, 'silu'), (64, 'leaky_relu')]",0.1,0.95,258,0.01,0.1,1.6356,0.6422,16
925,[512→64],"[(512, 'leaky_relu'), (64, 'gelu')]",0.1,0.96,258,0.01,0.15,1.6381,0.644,26
926,[512→64],"[(512, 'leaky_relu'), (64, 'gelu')]",0.3,0.975,258,0.01,0.1,1.6391,0.6271,35
927,[512→64],"[(512, 'leaky_relu'), (64, 'gelu')]",0.5,0.95,258,0.01,0.25,1.6392,0.5898,100
928,[512→64],"[(512, 'gelu'), (64, 'silu')]",0.1,0.96,258,0.01,0.1,1.6439,0.669,17
929,[256→64],"[(256, 'silu'), (64, 'leaky_relu')]",0.1,0.96,258,0.01,0.15,1.6451,0.6643,18
930,[256→64],"[(256, 'silu'), (64, 'leaky_relu')]",0.1,0.975,258,0.01,0.1,1.6546,0.6472,16
931,[512→64],"[(512, 'leaky_relu'), (64, 'gelu')]",0.1,0.975,512,0.01,0.15,1.6619,0.6241,28
932,[512→64],"[(512, 'leaky_relu'), (64, 'gelu')]",0.5,0.95,258,0.01,0.2,1.6643,0.5927,100
933,[512→64],"[(512, 'leaky_relu'), (64, 'gelu')]",0.5,0.96,258,0.01,0.1,1.6771,0.6019,67
934,[512→64],"[(512, 'leaky_relu'), (64, 'gelu')]",0.1,0.95,258,0.01,0.15,1.6808,0.6333,25
935,[512→64],"[(512, 'leaky_relu'), (64, 'gelu')]",0.1,0.975,258,0.01,0.1,1.6831,0.638,19
936,[512→64],"[(512, 'leaky_relu'), (64, 'gelu')]",0.1,0.96,258,0.01,0.1,1.6927,0.6463,25
937,[256→64],"[(256, 'silu'), (64, 'leaky_relu')]",0.1,0.975,258,0.01,0.15,1.7084,0.6425,18
938,[512→64],"[(512, 'leaky_relu'), (64, 'gelu')]",0.1,0.975,258,0.01,0.15,1.716,0.6182,20
939,[512→64],"[(512, 'leaky_relu'), (64, 'gelu')]",0.1,0.96,512,0.01,0.15,1.7344,0.6095,44
940,[512→64],"[(512, 'leaky_relu'), (64, 'gelu')]",0.5,0.975,258,0.01,0.1,1.7586,0.5775,96
941,[512→64],"[(512, 'leaky_relu'), (64, 'gelu')]",0.1,0.975,258,0.01,0.2,1.7617,0.6306,22
942,[512→64],"[(512, 'gelu'), (64, 'silu')]",0.1,0.975,258,0.01,0.1,1.7719,0.6507,18
943,[512→64],"[(512, 'leaky_relu'), (64, 'gelu')]",0.5,0.95,512,0.01,0.25,1.7876,0.5507,98
944,[512→64],"[(512, 'leaky_relu'), (64, 'gelu')]",0.5,0.95,512,0.01,0.15,1.7893,0.5269,100
945,[512→64],"[(512, 'leaky_relu'), (64, 'gelu')]",0.5,0.96,512,0.01,0.2,1.795,0.5793,100
946,[512→64],"[(512, 'leaky_relu'), (64, 'gelu')]",0.5,0.975,512,0.01,0.2,1.814,0.563,100
947,[512→64],"[(512, 'leaky_relu'), (64, 'gelu')]",0.5,0.95,258,0.01,0.1,1.8342,0.526,100
948,[512→64],"[(512, 'leaky_relu'), (64, 'gelu')]",0.1,0.975,512,0.01,0.1,1.8402,0.5984,28
949,[512→64],"[(512, 'leaky_relu'), (64, 'gelu')]",0.5,0.96,512,0.01,0.25,1.8932,0.5445,100
950,[512→64],"[(512, 'leaky_relu'), (64, 'gelu')]",0.5,0.9,258,0.01,0.15,2.0195,0.4805,100
951,[512→64],"[(512, 'leaky_relu'), (64, 'gelu')]",0.5,0.95,512,0.01,0.1,2.1448,0.4862,100
952,[512→64],"[(512, 'leaky_relu'), (64, 'gelu')]",0.5,0.9,258,0.01,0.2,2.1474,0.4507,100
953,[512→64],"[(512, 'leaky_relu'), (64, 'gelu')]",0.5,0.9,258,0.01,0.25,2.1754,0.4391,100
954,[512→64],"[(512, 'leaky_relu'), (64, 'gelu')]",0.5,0.96,512,0.01,0.15,2.1855,0.4303,100
955,[512→64],"[(512, 'leaky_relu'), (64, 'gelu')]",0.5,0.95,258,0.01,0.15,2.2027,0.4326,100
956,[512→64],"[(512, 'leaky_relu'), (64, 'gelu')]",0.5,0.9,512,0.01,0.2,2.6217,0.2743,100
957,[512→64],"[(512, 'leaky_relu'), (64, 'gelu')]",0.5,0.9,258,0.01,0.1,2.6319,0.2869,100
958,[512→64],"[(512, 'leaky_relu'), (64, 'gelu')]",0.5,0.9,512,0.01,0.15,2.8226,0.2352,100
959,[512→64],"[(512, 'leaky_relu'), (64, 'gelu')]",0.5,0.9,512,0.01,0.1,2.9635,0.2028,100
960,[512→64],"[(512, 'leaky_relu'), (64, 'gelu')]",0.5,0.9,512,0.01,0.25,3.2677,0.0935,100
